시도,시군구,법정동,고등학교수,중학교수,초등학교수,총학교수
강원도,강릉시,강동면,0,0,3,3
강원도,강릉시,교동,3,3,4,10
강원도,강릉시,구정면,1,0,2,3
강원도,강릉시,내곡동,0,0,1,1
강원도,강릉시,노암동,0,1,1,2
강원도,강릉시,사천면,0,1,2,3
강원도,강릉시,성산면,0,0,2,2
강원도,강릉시,송정동,0,0,1,1
강원도,강릉시,안현동,0,0,1,1
강원도,강릉시,연곡면,0,0,2,2
강원도,강릉시,옥계면,0,1,2,3
강원도,강릉시,옥천동,1,0,1,2
강원도,강릉시,왕산면,0,1,1,2
강원도,강릉시,용강동,0,1,0,1
강원도,강릉시,운산동,0,0,1,1
강원도,강릉시,유천동,0,0,1,1
강원도,강릉시,입암동,1,1,2,4
강원도,강릉시,장현동,0,0,1,1
강원도,강릉시,주문진읍,2,1,3,6
강원도,강릉시,지변동,1,0,0,1
강원도,강릉시,초당동,1,0,1,2
강원도,강릉시,포남동,1,2,3,6
강원도,강릉시,홍제동,0,0,1,1
강원도,강릉시,회산동,0,0,1,1
강원도,고성군,간성읍,1,1,2,4
강원도,고성군,거진읍,1,1,2,4
강원도,고성군,죽왕면,0,0,3,3
강원도,고성군,토성면,1,1,5,7
강원도,고성군,현내면,1,1,1,3
강원도,동해시,단봉동,0,1,0,1
강원도,동해시,동회동,2,1,0,3
강원도,동해시,망상동,0,0,1,1
강원도,동해시,묵호진동,0,0,1,1
강원도,동해시,발한동,1,3,2,6
강원도,동해시,부곡동,1,0,0,1
강원도,동해시,북평동,0,0,1,1
강원도,동해시,삼화동,0,0,1,1
강원도,동해시,송정동,0,0,1,1
강원도,동해시,쇄운동,0,0,1,1
강원도,동해시,용정동,0,1,1,2
강원도,동해시,지흥동,0,0,1,1
강원도,동해시,천곡동,2,1,3,6
강원도,동해시,평릉동,0,0,1,1
강원도,삼척시,가곡면,1,1,1,3
강원도,삼척시,갈천동,0,0,1,1
강원도,삼척시,교동,0,0,1,1
강원도,삼척시,근덕면,1,1,3,5
강원도,삼척시,남양동,2,1,1,4
강원도,삼척시,당저동,1,1,0,2
강원도,삼척시,도계읍,2,1,3,6
강원도,삼척시,미로면,0,1,1,2
강원도,삼척시,신기면,0,0,1,1
강원도,삼척시,오분동,0,0,1,1
강원도,삼척시,원당동,0,0,1,1
강원도,삼척시,원덕읍,1,2,2,5
강원도,삼척시,자원동,0,1,0,1
강원도,삼척시,정상동,0,0,1,1
강원도,삼척시,하장면,0,1,1,2
강원도,속초시,교동,1,2,1,4
강원도,속초시,금호동,0,1,0,1
강원도,속초시,노학동,0,1,2,3
강원도,속초시,대포동,0,0,1,1
강원도,속초시,설악동,0,0,1,1
강원도,속초시,영랑동,0,0,1,1
강원도,속초시,장사동,1,0,0,1
강원도,속초시,조양동,1,0,3,4
강원도,속초시,중앙동,0,0,1,1
강원도,속초시,청학동,0,0,1,1
강원도,속초시,청호동,0,0,1,1
강원도,양구군,국토정중앙면,0,1,3,4
강원도,양구군,동면,0,1,2,3
강원도,양구군,방산면,0,1,1,2
강원도,양구군,양구읍,3,2,3,8
강원도,양구군,해안면,0,1,1,2
강원도,양양군,강현면,0,1,2,3
강원도,양양군,서면,0,0,4,4
강원도,양양군,손양면,0,0,2,2
강원도,양양군,양양읍,1,1,2,4
강원도,양양군,현남면,0,1,2,3
강원도,양양군,현북면,0,1,3,4
강원도,영월군,김삿갓면,0,1,1,2
강원도,영월군,남면,0,1,1,2
강원도,영월군,무릉도원면,0,0,1,1
강원도,영월군,북면,1,1,1,3
강원도,영월군,산솔면,0,1,1,2
강원도,영월군,상동읍,1,1,1,3
강원도,영월군,영월읍,3,3,4,10
강원도,영월군,주천면,1,1,1,3
강원도,영월군,한반도면,0,1,2,3
강원도,원주시,개운동,2,1,1,4
강원도,원주시,관설동,1,0,2,3
강원도,원주시,귀래면,0,1,1,2
강원도,원주시,단계동,1,2,3,6
강원도,원주시,단구동,0,3,3,6
강원도,원주시,명륜동,0,1,3,4
강원도,원주시,무실동,2,2,4,8
강원도,원주시,문막읍,2,1,4,7
강원도,원주시,반곡동,2,2,3,7
강원도,원주시,봉산동,0,0,1,1
강원도,원주시,부론면,1,1,1,3
강원도,원주시,소초면,0,0,4,4
강원도,원주시,신림면,0,2,2,4
강원도,원주시,우산동,1,1,1,3
강원도,원주시,일산동,0,1,1,2
강원도,원주시,지정면,1,2,4,7
강원도,원주시,태장동,1,2,4,7
강원도,원주시,판부면,0,0,2,2
강원도,원주시,학성동,0,0,1,1
강원도,원주시,행구동,1,0,0,1
강원도,원주시,호저면,0,1,4,5
강원도,원주시,흥업면,1,1,2,4
강원도,인제군,기린면,1,1,2,4
강원도,인제군,남면,1,1,2,4
강원도,인제군,북면,1,1,4,6
강원도,인제군,상남면,0,1,2,3
강원도,인제군,서화면,0,1,1,2
강원도,인제군,인제읍,1,1,3,5
강원도,정선군,고한읍,1,1,2,4
강원도,정선군,남면,0,1,2,3
강원도,정선군,북평면,0,1,2,3
강원도,정선군,사북읍,1,1,1,3
강원도,정선군,신동읍,1,1,3,5
강원도,정선군,여량면,1,1,1,3
강원도,정선군,임계면,1,1,1,3
강원도,정선군,정선읍,2,1,4,7
강원도,정선군,화암면,0,1,2,3
강원도,철원군,갈말읍,1,1,4,6
강원도,철원군,근남면,0,0,1,1
강원도,철원군,김화읍,0,0,3,3
강원도,철원군,동송읍,1,1,4,6
강원도,철원군,서면,2,2,2,6
강원도,철원군,철원읍,1,1,2,4
강원도,춘천시,교동,1,1,1,3
강원도,춘천시,근화동,0,0,1,1
강원도,춘천시,낙원동,2,0,1,3
강원도,춘천시,남면,0,1,0,1
강원도,춘천시,남산면,0,2,3,5
강원도,춘천시,동내면,0,0,1,1
강원도,춘천시,동면,2,1,4,7
강원도,춘천시,동산면,1,1,1,3
강원도,춘천시,북산면,0,0,1,1
강원도,춘천시,사농동,1,1,0,2
강원도,춘천시,사북면,0,1,3,4
강원도,춘천시,서면,1,1,3,5
강원도,춘천시,석사동,0,1,4,5
강원도,춘천시,소양로3가,1,0,0,1
강원도,춘천시,송암동,1,1,0,2
강원도,춘천시,신동면,0,0,1,1
강원도,춘천시,신북읍,1,1,3,5
강원도,춘천시,약사동,0,0,1,1
강원도,춘천시,온의동,0,2,1,3
강원도,춘천시,우두동,0,0,2,2
강원도,춘천시,중앙로3가,0,1,1,2
강원도,춘천시,칠전동,0,0,1,1
강원도,춘천시,퇴계동,0,2,3,5
강원도,춘천시,효자동,0,1,3,4
강원도,춘천시,후평동,3,2,4,9
강원도,태백시,동점동,0,0,1,1
강원도,태백시,문곡동,1,0,0,1
강원도,태백시,소도동,0,0,1,1
강원도,태백시,원동,0,0,1,1
강원도,태백시,장성동,1,1,3,5
강원도,태백시,철암동,1,1,1,3
강원도,태백시,통동,0,0,1,1
강원도,태백시,황지동,2,4,4,10
강원도,평창군,대관령면,1,1,3,5
강원도,평창군,대화면,1,1,3,5
강원도,평창군,미탄면,0,1,1,2
강원도,평창군,방림면,0,1,2,3
강원도,평창군,봉평면,1,1,2,4
강원도,평창군,용평면,0,1,2,3
강원도,평창군,진부면,1,1,3,5
강원도,평창군,평창읍,1,1,2,4
강원도,홍천군,남면,1,1,3,5
강원도,홍천군,내면,1,1,3,5
강원도,홍천군,내촌면,1,2,1,4
강원도,홍천군,두촌면,0,1,1,2
강원도,홍천군,북방면,0,0,1,1
강원도,홍천군,서면,0,1,4,5
강원도,홍천군,서석면,1,1,3,5
강원도,홍천군,영귀미면,0,1,1,2
강원도,홍천군,홍천읍,3,2,5,10
강원도,홍천군,화촌면,0,1,3,4
강원도,화천군,간동면,1,1,1,3
강원도,화천군,사내면,1,1,3,5
강원도,화천군,상서면,0,1,3,4
강원도,화천군,하남면,1,1,2,4
강원도,화천군,화천읍,1,0,2,3
강원도,횡성군,갑천면,1,1,1,3
강원도,횡성군,강림면,0,1,1,2
강원도,횡성군,공근면,0,1,2,3
강원도,횡성군,둔내면,2,1,1,4
강원도,횡성군,서원면,0,1,2,3
강원도,횡성군,안흥면,2,1,2,5
강원도,횡성군,우천면,0,1,2,3
강원도,횡성군,청일면,0,1,2,3
강원도,횡성군,횡성읍,2,2,4,8
경기도,가평군,가평읍,1,1,3,5
경기도,가평군,북면,0,1,2,3
경기도,가평군,상면,0,0,3,3
경기도,가평군,설악면,2,2,4,8
경기도,가평군,조종면,1,1,1,3
경기도,가평군,청평면,1,1,3,5
경기도,고양시 덕양구,고양동,1,1,2,4
경기도,고양시 덕양구,관산동,1,1,1,3
경기도,고양시 덕양구,내유동,0,0,1,1
경기도,고양시 덕양구,대장동,0,0,1,1
경기도,고양시 덕양구,덕은동,0,1,1,2
경기도,고양시 덕양구,도내동,1,1,2,4
경기도,고양시 덕양구,동산동,1,0,2,3
경기도,고양시 덕양구,삼송동,1,1,0,2
경기도,고양시 덕양구,성사동,1,1,2,4
경기도,고양시 덕양구,신원동,1,1,1,3
경기도,고양시 덕양구,오금동,0,0,1,1
경기도,고양시 덕양구,용두동,0,0,1,1
경기도,고양시 덕양구,원흥동,0,0,2,2
경기도,고양시 덕양구,주교동,0,1,1,2
경기도,고양시 덕양구,지축동,0,1,2,3
경기도,고양시 덕양구,토당동,1,1,2,4
경기도,고양시 덕양구,행신동,4,5,10,19
경기도,고양시 덕양구,행주내동,0,0,1,1
경기도,고양시 덕양구,향동동,1,1,2,4
경기도,고양시 덕양구,화전동,0,1,1,2
경기도,고양시 덕양구,화정동,2,4,6,12
경기도,고양시 일산동구,마두동,2,3,4,9
경기도,고양시 일산동구,문봉동,0,0,1,1
경기도,고양시 일산동구,백석동,2,1,3,6
경기도,고양시 일산동구,사리현동,0,0,1,1
경기도,고양시 일산동구,식사동,2,1,3,6
경기도,고양시 일산동구,장항동,0,0,3,3
경기도,고양시 일산동구,정발산동,1,1,2,4
경기도,고양시 일산동구,중산동,2,2,5,9
경기도,고양시 일산동구,풍동,2,2,3,7
경기도,고양시 일산서구,가좌동,1,1,2,4
경기도,고양시 일산서구,대화동,3,3,5,11
경기도,고양시 일산서구,덕이동,3,1,3,7
경기도,고양시 일산서구,일산동,2,3,4,9
경기도,고양시 일산서구,주엽동,2,3,6,11
경기도,고양시 일산서구,탄현동,1,2,4,7
경기도,과천시,갈현동,1,1,2,4
경기도,과천시,별양동,1,1,2,4
경기도,과천시,부림동,0,0,1,1
경기도,과천시,중앙동,2,1,1,4
경기도,광명시,가학동,0,0,1,1
경기도,광명시,광명동,3,2,5,10
경기도,광명시,노온사동,0,0,1,1
경기도,광명시,소하동,5,3,4,12
경기도,광명시,일직동,0,1,1,2
경기도,광명시,철산동,2,3,6,11
경기도,광명시,하안동,1,3,7,11
경기도,광주시,경안동,0,1,2,3
경기도,광주시,곤지암읍,1,1,3,5
경기도,광주시,남종면,0,0,1,1
경기도,광주시,남한산성면,0,0,3,3
경기도,광주시,도척면,0,1,2,3
경기도,광주시,송정동,3,1,1,5
경기도,광주시,쌍령동,0,0,2,2
경기도,광주시,양벌동,0,0,1,1
경기도,광주시,역동,1,0,1,2
경기도,광주시,오포읍,0,2,7,9
경기도,광주시,장지동,1,1,0,2
경기도,광주시,중대동,0,0,1,1
경기도,광주시,초월읍,1,1,5,7
경기도,광주시,탄벌동,0,1,2,3
경기도,광주시,태전동,1,2,3,6
경기도,광주시,퇴촌면,0,1,1,2
경기도,구리시,갈매동,1,1,2,4
경기도,구리시,교문동,1,2,4,7
경기도,구리시,사노동,0,0,1,1
경기도,구리시,수택동,2,1,2,5
경기도,구리시,인창동,1,2,5,8
경기도,구리시,토평동,2,2,2,6
경기도,군포시,금정동,2,2,4,8
경기도,군포시,당동,1,3,4,8
경기도,군포시,당정동,0,1,1,2
경기도,군포시,대야미동,0,0,1,1
경기도,군포시,도마교동,0,0,1,1
경기도,군포시,둔대동,0,0,1,1
경기도,군포시,부곡동,1,1,2,4
경기도,군포시,산본동,4,5,13,22
경기도,김포시,감정동,0,1,1,2
경기도,김포시,걸포동,0,0,2,2
경기도,김포시,고촌읍,1,3,5,9
경기도,김포시,구래동,0,2,4,6
경기도,김포시,대곶면,0,1,4,5
경기도,김포시,마산동,1,1,2,4
경기도,김포시,북변동,1,2,3,6
경기도,김포시,사우동,2,1,1,4
경기도,김포시,양촌읍,1,2,3,6
경기도,김포시,운양동,2,2,4,8
경기도,김포시,월곶면,1,1,2,4
경기도,김포시,장기동,2,4,6,12
경기도,김포시,통진읍,2,2,5,9
경기도,김포시,풍무동,1,2,4,7
경기도,김포시,하성면,1,1,2,4
경기도,남양주시,금곡동,1,1,2,4
경기도,남양주시,다산동,4,7,10,21
경기도,남양주시,별내동,2,2,5,9
경기도,남양주시,별내면,1,2,1,4
경기도,남양주시,수동면,0,1,3,4
경기도,남양주시,오남읍,1,3,4,8
경기도,남양주시,와부읍,2,3,6,11
경기도,남양주시,조안면,0,1,2,3
경기도,남양주시,지금동,0,0,1,1
경기도,남양주시,진건읍,1,1,3,5
경기도,남양주시,진접읍,2,5,9,16
경기도,남양주시,퇴계원면,0,0,1,1
경기도,남양주시,퇴계원읍,1,1,1,3
경기도,남양주시,평내동,1,2,4,7
경기도,남양주시,호평동,2,3,5,10
경기도,남양주시,화도읍,3,5,12,20
경기도,동두천시,동두천동,0,0,1,1
경기도,동두천시,상봉암동,0,0,1,1
경기도,동두천시,생연동,3,4,4,11
경기도,동두천시,송내동,0,1,1,2
경기도,동두천시,안흥동,1,1,0,2
경기도,동두천시,지행동,2,0,3,5
경기도,동두천시,탑동동,0,0,1,1
경기도,부천시,계수동,0,0,1,1
경기도,부천시,고강동,1,1,3,5
경기도,부천시,괴안동,0,2,3,5
경기도,부천시,내동,0,1,0,1
경기도,부천시,도당동,2,1,2,5
경기도,부천시,범박동,2,2,2,6
경기도,부천시,삼정동,0,0,1,1
경기도,부천시,상동,5,5,9,19
경기도,부천시,소사동,1,1,0,2
경기도,부천시,소사본동,1,2,4,7
경기도,부천시,송내동,3,3,3,9
경기도,부천시,심곡동,0,0,2,2
경기도,부천시,심곡본동,2,0,2,4
경기도,부천시,약대동,0,0,2,2
경기도,부천시,여월동,0,2,2,4
경기도,부천시,역곡동,1,1,3,5
경기도,부천시,오정동,1,1,3,5
경기도,부천시,옥길동,0,1,2,3
경기도,부천시,원미동,0,1,2,3
경기도,부천시,원종동,1,0,3,4
경기도,부천시,작동,0,1,1,2
경기도,부천시,중동,8,8,14,30
경기도,성남시 분당구,구미동,1,2,4,7
경기도,성남시 분당구,금곡동,1,0,1,2
경기도,성남시 분당구,대장동,0,1,1,2
경기도,성남시 분당구,동원동,1,1,0,2
경기도,성남시 분당구,백현동,2,2,2,6
경기도,성남시 분당구,분당동,1,1,2,4
경기도,성남시 분당구,삼평동,1,1,2,4
경기도,성남시 분당구,서현동,2,2,4,8
경기도,성남시 분당구,수내동,2,3,3,8
경기도,성남시 분당구,야탑동,4,2,5,11
경기도,성남시 분당구,운중동,1,1,2,4
경기도,성남시 분당구,이매동,3,3,3,9
경기도,성남시 분당구,정자동,4,4,7,15
경기도,성남시 분당구,판교동,1,2,2,5
경기도,성남시 수정구,고등동,0,0,1,1
경기도,성남시 수정구,단대동,1,3,1,5
경기도,성남시 수정구,복정동,1,0,1,2
경기도,성남시 수정구,산성동,0,1,1,2
경기도,성남시 수정구,수진동,1,2,2,5
경기도,성남시 수정구,신흥동,0,1,2,3
경기도,성남시 수정구,심곡동,1,0,0,1
경기도,성남시 수정구,양지동,0,0,1,1
경기도,성남시 수정구,창곡동,1,2,4,7
경기도,성남시 수정구,태평동,0,1,5,6
경기도,성남시 중원구,금광동,1,4,4,9
경기도,성남시 중원구,도촌동,0,1,1,2
경기도,성남시 중원구,상대원동,0,0,3,3
경기도,성남시 중원구,성남동,5,3,1,9
경기도,성남시 중원구,여수동,0,0,1,1
경기도,성남시 중원구,은행동,0,1,3,4
경기도,성남시 중원구,중앙동,0,0,1,1
경기도,성남시 중원구,하대원동,1,1,2,4
경기도,수원시 권선구,고색동,1,1,2,4
경기도,수원시 권선구,곡반정동,0,1,1,2
경기도,수원시 권선구,구운동,0,1,2,3
경기도,수원시 권선구,권선동,3,3,10,16
경기도,수원시 권선구,금곡동,1,2,5,8
경기도,수원시 권선구,당수동,1,0,1,2
경기도,수원시 권선구,서둔동,0,1,2,3
경기도,수원시 권선구,세류동,0,2,3,5
경기도,수원시 권선구,오목천동,1,1,2,4
경기도,수원시 권선구,입북동,0,0,1,1
경기도,수원시 권선구,탑동,1,0,2,3
경기도,수원시 권선구,호매실동,1,2,3,6
경기도,수원시 영통구,망포동,1,2,5,8
경기도,수원시 영통구,매탄동,3,6,8,17
경기도,수원시 영통구,신동,0,1,0,1
경기도,수원시 영통구,영통동,4,5,8,17
경기도,수원시 영통구,원천동,2,3,5,10
경기도,수원시 영통구,이의동,2,3,3,8
경기도,수원시 영통구,하동,1,1,1,3
경기도,수원시 장안구,송죽동,1,1,2,4
경기도,수원시 장안구,연무동,0,1,1,2
경기도,수원시 장안구,영화동,1,1,0,2
경기도,수원시 장안구,율전동,0,1,2,3
경기도,수원시 장안구,이목동,2,1,0,3
경기도,수원시 장안구,정자동,3,2,7,12
경기도,수원시 장안구,조원동,2,3,5,10
경기도,수원시 장안구,천천동,3,2,3,8
경기도,수원시 장안구,파장동,0,1,2,3
경기도,수원시 팔달구,고등동,1,0,1,2
경기도,수원시 팔달구,남창동,0,0,1,1
경기도,수원시 팔달구,매교동,1,1,1,3
경기도,수원시 팔달구,매산로3가,0,0,1,1
경기도,수원시 팔달구,매향동,3,2,1,6
경기도,수원시 팔달구,우만동,2,1,3,6
경기도,수원시 팔달구,인계동,1,0,2,3
경기도,수원시 팔달구,지동,0,0,1,1
경기도,수원시 팔달구,화서동,3,5,5,13
경기도,시흥시,거모동,1,1,2,4
경기도,시흥시,계수동,0,0,1,1
경기도,시흥시,과림동,1,1,0,2
경기도,시흥시,광석동,0,0,1,1
경기도,시흥시,군자동,0,0,1,1
경기도,시흥시,논곡동,0,1,1,2
경기도,시흥시,능곡동,1,1,2,4
경기도,시흥시,대야동,0,2,2,4
경기도,시흥시,도창동,0,0,1,1
경기도,시흥시,매화동,1,1,1,3
경기도,시흥시,무지내동,1,0,0,1
경기도,시흥시,배곧동,0,1,1,2
경기도,시흥시,산현동,0,0,1,1
경기도,시흥시,신천동,1,1,4,6
경기도,시흥시,월곶동,0,1,2,3
경기도,시흥시,은행동,2,2,5,9
경기도,시흥시,장곡동,1,2,2,5
경기도,시흥시,장현동,0,1,2,3
경기도,시흥시,정왕동,6,9,16,31
경기도,시흥시,조남동,1,1,2,4
경기도,시흥시,죽율동,0,0,1,1
경기도,시흥시,포동,0,0,1,1
경기도,시흥시,하상동,1,1,0,2
경기도,시흥시,하중동,0,0,1,1
경기도,안산시 단원구,고잔동,4,4,7,15
경기도,안산시 단원구,대부남동,0,0,1,1
경기도,안산시 단원구,대부동동,0,0,1,1
경기도,안산시 단원구,대부북동,1,1,1,3
경기도,안산시 단원구,선부동,2,4,6,12
경기도,안산시 단원구,신길동,1,1,3,5
경기도,안산시 단원구,와동,2,1,3,6
경기도,안산시 단원구,원곡동,1,2,2,5
경기도,안산시 단원구,초지동,1,2,4,7
경기도,안산시 상록구,건건동,0,0,2,2
경기도,안산시 상록구,본오동,3,3,5,11
경기도,안산시 상록구,부곡동,2,1,3,6
경기도,안산시 상록구,사동,1,5,7,13
경기도,안산시 상록구,성포동,1,1,2,4
경기도,안산시 상록구,수암동,0,0,1,1
경기도,안산시 상록구,월피동,1,2,2,5
경기도,안산시 상록구,이동,1,0,2,3
경기도,안산시 상록구,일동,0,1,1,2
경기도,안산시 상록구,장상동,2,1,0,3
경기도,안산시 상록구,팔곡이동,0,0,1,1
경기도,안산시 상록구,팔곡일동,1,1,0,2
경기도,안성시,고삼면,0,0,1,1
경기도,안성시,공도읍,1,3,5,9
경기도,안성시,구포동,1,0,1,2
경기도,안성시,금광면,0,0,3,3
경기도,안성시,금산동,1,1,0,2
경기도,안성시,낙원동,0,1,0,1
경기도,안성시,당왕동,0,2,1,3
경기도,안성시,대덕면,0,0,4,4
경기도,안성시,미양면,1,0,3,4
경기도,안성시,발화동,1,0,0,1
경기도,안성시,보개면,0,0,2,2
경기도,안성시,봉남동,0,1,0,1
경기도,안성시,삼죽면,0,0,2,2
경기도,안성시,서운면,0,1,3,4
경기도,안성시,신소현동,1,0,0,1
경기도,안성시,아양동,0,0,1,1
경기도,안성시,양성면,0,1,2,3
경기도,안성시,옥산동,0,0,1,1
경기도,안성시,원곡면,0,0,1,1
경기도,안성시,일죽면,1,1,2,4
경기도,안성시,죽산면,2,2,2,6
경기도,안양시 동안구,관양동,3,4,6,13
경기도,안양시 동안구,비산동,2,3,7,12
경기도,안양시 동안구,평촌동,2,2,6,10
경기도,안양시 동안구,호계동,2,6,7,15
경기도,안양시 만안구,박달동,1,1,2,4
경기도,안양시 만안구,석수동,1,2,5,8
경기도,안양시 만안구,안양동,10,6,8,24
경기도,양주시,고암동,1,1,3,5
경기도,양주시,고읍동,0,1,1,2
경기도,양주시,광사동,0,0,1,1
경기도,양주시,광적면,0,1,3,4
경기도,양주시,남면,1,1,3,5
경기도,양주시,덕계동,1,1,4,6
경기도,양주시,덕정동,0,2,2,4
경기도,양주시,만송동,1,0,1,2
경기도,양주시,백석읍,1,1,4,6
경기도,양주시,산북동,0,0,1,1
경기도,양주시,삼숭동,1,1,2,4
경기도,양주시,옥정동,2,3,8,13
경기도,양주시,유양동,0,0,1,1
경기도,양주시,은현면,0,0,3,3
경기도,양주시,장흥면,0,0,2,2
경기도,양주시,회정동,0,0,1,1
경기도,양평군,강상면,0,0,2,2
경기도,양평군,강하면,0,1,1,2
경기도,양평군,개군면,0,1,1,2
경기도,양평군,단월면,0,1,1,2
경기도,양평군,서종면,0,1,3,4
경기도,양평군,양동면,1,1,2,4
경기도,양평군,양서면,2,2,3,7
경기도,양평군,양평읍,2,2,3,7
경기도,양평군,옥천면,0,0,1,1
경기도,양평군,용문면,1,1,3,5
경기도,양평군,지평면,1,1,2,4
경기도,양평군,청운면,1,1,1,3
경기도,여주시,가남읍,1,1,4,6
경기도,여주시,강천면,0,1,2,3
경기도,여주시,교동,1,1,1,3
경기도,여주시,금사면,0,0,2,2
경기도,여주시,능서면,1,2,3,6
경기도,여주시,대신면,2,2,3,7
경기도,여주시,북내면,1,1,1,3
경기도,여주시,산북면,0,1,1,2
경기도,여주시,상동,1,1,1,3
경기도,여주시,오학동,0,0,1,1
경기도,여주시,월송동,0,0,1,1
경기도,여주시,점동면,1,1,1,3
경기도,여주시,점봉동,0,0,1,1
경기도,여주시,창동,0,0,1,1
경기도,여주시,흥천면,1,2,2,5
경기도,연천군,군남면,0,1,2,3
경기도,연천군,미산면,0,0,1,1
경기도,연천군,백학면,0,1,2,3
경기도,연천군,신서면,0,1,1,2
경기도,연천군,연천읍,1,1,2,4
경기도,연천군,전곡읍,1,1,2,4
경기도,연천군,청산면,0,1,3,4
경기도,오산시,가수동,0,0,2,2
경기도,오산시,갈곶동,0,0,1,1
경기도,오산시,고현동,0,0,1,1
경기도,오산시,궐동,0,1,2,3
경기도,오산시,금암동,1,1,3,5
경기도,오산시,내삼미동,0,0,1,1
경기도,오산시,부산동,1,0,2,3
경기도,오산시,세교동,1,1,1,3
경기도,오산시,수청동,1,1,3,5
경기도,오산시,양산동,0,0,1,1
경기도,오산시,오산동,0,1,3,4
경기도,오산시,외삼미동,0,0,1,1
경기도,오산시,원동,2,3,4,9
경기도,오산시,지곶동,0,0,1,1
경기도,오산시,청학동,2,1,0,3
경기도,용인시 기흥구,공세동,0,0,3,3
경기도,용인시 기흥구,구갈동,1,1,5,7
경기도,용인시 기흥구,농서동,1,0,0,1
경기도,용인시 기흥구,동백동,2,2,3,7
경기도,용인시 기흥구,마북동,1,1,4,6
경기도,용인시 기흥구,보라동,1,2,2,5
경기도,용인시 기흥구,보정동,1,2,3,6
경기도,용인시 기흥구,상갈동,1,1,2,4
경기도,용인시 기흥구,상하동,0,1,2,3
경기도,용인시 기흥구,서천동,0,1,2,3
경기도,용인시 기흥구,신갈동,1,3,3,7
경기도,용인시 기흥구,언남동,0,1,2,3
경기도,용인시 기흥구,영덕동,1,1,4,6
경기도,용인시 기흥구,중동,1,2,4,7
경기도,용인시 기흥구,지곡동,0,0,1,1
경기도,용인시 기흥구,청덕동,1,1,1,3
경기도,용인시 수지구,고기동,0,0,1,1
경기도,용인시 수지구,동천동,0,2,3,5
경기도,용인시 수지구,상현동,2,2,7,11
경기도,용인시 수지구,성복동,1,2,3,6
경기도,용인시 수지구,신봉동,2,2,4,8
경기도,용인시 수지구,죽전동,3,4,8,15
경기도,용인시 수지구,풍덕천동,2,4,6,12
경기도,용인시 처인구,고림동,2,2,2,6
경기도,용인시 처인구,김량장동,0,2,2,4
경기도,용인시 처인구,남동,1,1,0,2
경기도,용인시 처인구,남사면,0,3,4,7
경기도,용인시 처인구,남사읍,1,0,0,1
경기도,용인시 처인구,마평동,0,0,1,1
경기도,용인시 처인구,모현면,0,1,1,2
경기도,용인시 처인구,모현읍,1,1,3,5
경기도,용인시 처인구,백암면,1,1,4,6
경기도,용인시 처인구,삼가동,0,0,1,1
경기도,용인시 처인구,양지면,0,1,3,4
경기도,용인시 처인구,역북동,1,0,2,3
경기도,용인시 처인구,운학동,0,0,1,1
경기도,용인시 처인구,원삼면,0,2,3,5
경기도,용인시 처인구,유방동,0,0,1,1
경기도,용인시 처인구,이동읍,1,2,3,6
경기도,용인시 처인구,포곡읍,2,2,3,7
경기도,의왕시,고천동,2,0,1,3
경기도,의왕시,내손동,1,1,4,6
경기도,의왕시,삼동,1,0,2,3
경기도,의왕시,오전동,1,3,3,7
경기도,의왕시,왕곡동,0,0,1,1
경기도,의왕시,월암동,0,1,0,1
경기도,의왕시,청계동,0,1,1,2
경기도,의왕시,포일동,0,1,1,2
경기도,의왕시,학의동,0,0,1,1
경기도,의정부시,가능동,6,5,2,13
경기도,의정부시,고산동,0,1,1,2
경기도,의정부시,금오동,0,2,2,4
경기도,의정부시,낙양동,1,1,1,3
경기도,의정부시,녹양동,2,1,2,5
경기도,의정부시,민락동,2,3,5,10
경기도,의정부시,산곡동,0,0,1,1
경기도,의정부시,신곡동,2,3,8,13
경기도,의정부시,용현동,1,1,3,5
경기도,의정부시,의정부동,1,0,3,4
경기도,의정부시,장암동,0,1,2,3
경기도,의정부시,호원동,1,2,4,7
경기도,이천시,갈산동,1,0,0,1
경기도,이천시,관고동,1,1,0,2
경기도,이천시,단월동,0,0,1,1
경기도,이천시,대월면,0,2,2,4
경기도,이천시,마장면,1,1,2,4
경기도,이천시,모가면,0,1,2,3
경기도,이천시,백사면,0,1,2,3
경기도,이천시,부발읍,1,2,4,7
경기도,이천시,사음동,1,0,0,1
경기도,이천시,설성면,1,1,2,4
경기도,이천시,송정동,0,1,1,2
경기도,이천시,신둔면,1,0,2,3
경기도,이천시,안흥동,1,1,1,3
경기도,이천시,율면,1,1,1,3
경기도,이천시,장호원읍,2,1,4,7
경기도,이천시,중리동,0,0,1,1
경기도,이천시,증포동,1,1,2,4
경기도,이천시,창전동,0,1,2,3
경기도,이천시,호법면,0,0,2,2
경기도,파주시,검산동,0,0,1,1
경기도,파주시,광탄면,2,1,3,6
경기도,파주시,교하동,0,0,1,1
경기도,파주시,군내면,0,0,2,2
경기도,파주시,금릉동,1,1,0,2
경기도,파주시,금촌동,0,1,6,7
경기도,파주시,다율동,0,1,3,4
경기도,파주시,당하동,0,0,1,1
경기도,파주시,동패동,3,4,6,13
경기도,파주시,목동동,1,3,5,9
경기도,파주시,문발동,0,0,1,1
경기도,파주시,문산읍,2,3,6,11
경기도,파주시,법원읍,1,2,2,5
경기도,파주시,아동동,0,0,1,1
경기도,파주시,야당동,1,2,3,6
경기도,파주시,야동동,1,1,0,2
경기도,파주시,와동동,1,2,3,6
경기도,파주시,월롱면,1,1,2,4
경기도,파주시,적성면,2,2,3,7
경기도,파주시,조리읍,1,1,4,6
경기도,파주시,탄현면,0,1,4,5
경기도,파주시,파주읍,2,2,2,6
경기도,파주시,파평면,0,1,3,4
경기도,평택시,가재동,0,0,1,1
경기도,평택시,고덕동,0,1,3,4
경기도,평택시,고덕면,1,1,3,5
경기도,평택시,군문동,0,0,1,1
경기도,평택시,동삭동,0,0,3,3
경기도,평택시,비전동,6,5,6,17
경기도,평택시,서정동,1,1,4,6
경기도,평택시,서탄면,0,0,2,2
경기도,평택시,세교동,1,1,4,6
경기도,평택시,소사동,0,0,1,1
경기도,평택시,신장동,1,1,1,3
경기도,평택시,안중읍,3,3,4,10
경기도,평택시,오성면,0,1,2,3
경기도,평택시,용이동,0,2,3,5
경기도,평택시,이충동,2,1,2,5
경기도,평택시,장당동,1,2,1,4
경기도,평택시,장안동,1,1,0,2
경기도,평택시,죽백동,0,1,3,4
경기도,평택시,지산동,0,1,3,4
경기도,평택시,지제동,0,0,1,1
경기도,평택시,진위면,1,1,3,5
경기도,평택시,청북읍,1,2,5,8
경기도,평택시,칠원동,0,1,1,2
경기도,평택시,팽성읍,1,1,4,6
경기도,평택시,평택동,0,0,1,1
경기도,평택시,포승읍,0,2,4,6
경기도,평택시,합정동,1,0,2,3
경기도,평택시,현덕면,0,0,3,3
경기도,포천시,가산면,0,1,3,4
경기도,포천시,관인면,1,1,1,3
경기도,포천시,군내면,1,0,1,2
경기도,포천시,내촌면,0,1,1,2
경기도,포천시,선단동,0,0,1,1
경기도,포천시,소흘읍,2,4,6,12
경기도,포천시,신북면,0,3,4,7
경기도,포천시,신읍동,1,0,1,2
경기도,포천시,영북면,1,1,1,3
경기도,포천시,영중면,0,1,1,2
경기도,포천시,이동면,0,1,3,4
경기도,포천시,일동면,1,1,2,4
경기도,포천시,창수면,0,0,1,1
경기도,포천시,화현면,0,0,2,2
경기도,하남시,감이동,1,1,2,4
경기도,하남시,감일동,0,1,2,3
경기도,하남시,광암동,0,1,0,1
경기도,하남시,덕풍동,2,2,4,8
경기도,하남시,망월동,2,2,4,8
경기도,하남시,선동,1,2,1,4
경기도,하남시,신장동,1,3,3,7
경기도,하남시,창우동,2,1,2,5
경기도,하남시,풍산동,0,0,2,2
경기도,하남시,하산곡동,0,0,1,1
경기도,하남시,학암동,1,1,2,4
경기도,화성시,기산동,0,1,1,2
경기도,화성시,기안동,1,1,1,3
경기도,화성시,남양읍,1,2,5,8
경기도,화성시,능동,1,2,3,6
경기도,화성시,동탄면,1,2,1,4
경기도,화성시,마도면,0,1,2,3
경기도,화성시,매송면,0,0,2,2
경기도,화성시,목동,1,1,3,5
경기도,화성시,반송동,4,3,7,14
경기도,화성시,반월동,1,2,4,7
경기도,화성시,배양동,0,0,1,1
경기도,화성시,병점동,2,2,6,10
경기도,화성시,봉담읍,2,4,10,16
경기도,화성시,비봉면,1,1,2,4
경기도,화성시,산척동,1,1,3,5
경기도,화성시,새솔동,0,1,2,3
경기도,화성시,서신면,0,1,2,3
경기도,화성시,석우동,1,1,2,4
경기도,화성시,송동,0,1,1,2
경기도,화성시,송산동,0,1,1,2
경기도,화성시,송산면,2,1,3,6
경기도,화성시,안녕동,0,0,1,1
경기도,화성시,양감면,0,1,2,3
경기도,화성시,영천동,2,2,5,9
경기도,화성시,오산동,1,1,2,4
경기도,화성시,우정읍,2,2,3,7
경기도,화성시,장안면,0,1,4,5
경기도,화성시,장지동,1,1,4,6
경기도,화성시,정남면,0,1,2,3
경기도,화성시,진안동,0,1,2,3
경기도,화성시,청계동,1,2,6,9
경기도,화성시,팔탄면,0,0,3,3
경기도,화성시,향남읍,5,4,10,19
경상남도,거제시,거제면,2,1,2,5
경상남도,거제시,고현동,2,4,4,10
경상남도,거제시,남부면,0,0,1,1
경상남도,거제시,능포동,0,0,1,1
경상남도,거제시,동부면,0,1,2,3
경상남도,거제시,두모동,0,1,0,1
경상남도,거제시,둔덕면,0,1,1,2
경상남도,거제시,문동동,1,0,1,2
경상남도,거제시,사등면,0,1,4,5
경상남도,거제시,상동동,0,0,3,3
경상남도,거제시,수월동,0,1,1,2
경상남도,거제시,아주동,1,1,4,6
경상남도,거제시,양정동,0,0,2,2
경상남도,거제시,연초면,1,1,3,5
경상남도,거제시,옥포동,1,2,3,6
경상남도,거제시,일운면,0,1,1,2
경상남도,거제시,장목면,0,2,2,4
경상남도,거제시,장승포동,1,0,2,3
경상남도,거제시,장평동,0,1,2,3
경상남도,거제시,하청면,1,1,2,4
경상남도,거창군,가북면,0,0,1,1
경상남도,거창군,가조면,1,1,1,3
경상남도,거창군,거창읍,6,5,6,17
경상남도,거창군,고제면,0,1,1,2
경상남도,거창군,남상면,0,0,1,1
경상남도,거창군,남하면,0,0,1,1
경상남도,거창군,마리면,0,0,1,1
경상남도,거창군,북상면,0,0,1,1
경상남도,거창군,신원면,0,0,1,1
경상남도,거창군,웅양면,0,1,1,2
경상남도,거창군,위천면,0,1,1,2
경상남도,거창군,주상면,0,0,1,1
경상남도,고성군,개천면,0,0,1,1
경상남도,고성군,거류면,0,1,3,4
경상남도,고성군,고성읍,3,3,4,10
경상남도,고성군,구만면,0,0,1,1
경상남도,고성군,대가면,0,0,1,1
경상남도,고성군,동해면,0,1,1,2
경상남도,고성군,마암면,0,0,1,1
경상남도,고성군,삼산면,0,1,1,2
경상남도,고성군,상리면,0,0,1,1
경상남도,고성군,영오면,0,1,1,2
경상남도,고성군,영현면,0,0,1,1
경상남도,고성군,하이면,0,0,1,1
경상남도,고성군,하일면,0,0,1,1
경상남도,고성군,회화면,1,1,1,3
경상남도,김해시,관동동,0,1,3,4
경상남도,김해시,구산동,2,1,3,6
경상남도,김해시,내덕동,0,1,0,1
경상남도,김해시,내동,1,4,3,8
경상남도,김해시,대동면,0,1,3,4
경상남도,김해시,대성동,1,1,0,2
경상남도,김해시,대청동,1,1,2,4
경상남도,김해시,동상동,1,1,1,3
경상남도,김해시,무계동,0,0,1,1
경상남도,김해시,부곡동,1,1,4,6
경상남도,김해시,부원동,0,1,0,1
경상남도,김해시,삼계동,2,2,4,8
경상남도,김해시,삼문동,1,1,2,4
경상남도,김해시,삼방동,2,2,3,7
경상남도,김해시,삼정동,1,1,1,3
경상남도,김해시,상동면,0,0,2,2
경상남도,김해시,생림면,0,1,2,3
경상남도,김해시,서상동,0,0,1,1
경상남도,김해시,신문동,0,1,0,1
경상남도,김해시,안동,1,0,0,1
경상남도,김해시,어방동,0,1,2,3
경상남도,김해시,외동,4,1,4,9
경상남도,김해시,율하동,3,2,2,7
경상남도,김해시,장유동,0,1,2,3
경상남도,김해시,전하동,0,0,1,1
경상남도,김해시,주촌면,0,0,1,1
경상남도,김해시,지내동,0,1,1,2
경상남도,김해시,진례면,0,1,2,3
경상남도,김해시,진영읍,2,3,6,11
경상남도,김해시,한림면,0,1,3,4
경상남도,김해시,화목동,0,0,1,1
경상남도,남해군,고현면,1,0,2,3
경상남도,남해군,남면,1,1,1,3
경상남도,남해군,남해읍,1,2,2,5
경상남도,남해군,미조면,0,1,1,2
경상남도,남해군,삼동면,1,1,2,4
경상남도,남해군,상주면,0,1,1,2
경상남도,남해군,서면,0,0,1,1
경상남도,남해군,설천면,0,1,1,2
경상남도,남해군,이동면,1,1,1,3
경상남도,남해군,창선면,1,1,1,3
경상남도,밀양시,가곡동,1,1,1,3
경상남도,밀양시,내이동,3,2,1,6
경상남도,밀양시,내일동,1,0,0,1
경상남도,밀양시,단장면,0,1,2,3
경상남도,밀양시,무안면,1,1,1,3
경상남도,밀양시,부북면,0,0,2,2
경상남도,밀양시,산내면,0,1,2,3
경상남도,밀양시,산외면,0,0,1,1
경상남도,밀양시,삼랑진읍,1,1,3,5
경상남도,밀양시,삼문동,0,2,2,4
경상남도,밀양시,상남면,0,0,2,2
경상남도,밀양시,상동면,0,0,1,1
경상남도,밀양시,청도면,0,1,1,2
경상남도,밀양시,초동면,0,0,1,1
경상남도,밀양시,하남읍,1,1,1,3
경상남도,사천시,곤명면,0,1,1,2
경상남도,사천시,곤양면,1,1,1,3
경상남도,사천시,동금동,2,0,1,3
경상남도,사천시,벌리동,2,2,1,5
경상남도,사천시,봉남동,0,0,1,1
경상남도,사천시,사남면,0,0,2,2
경상남도,사천시,사천읍,1,1,2,4
경상남도,사천시,서동,0,0,1,1
경상남도,사천시,서포면,0,1,1,2
경상남도,사천시,선구동,0,0,1,1
경상남도,사천시,송포동,0,1,0,1
경상남도,사천시,용강동,0,2,0,2
경상남도,사천시,용현면,1,1,1,3
경상남도,사천시,정동면,2,1,2,5
경상남도,사천시,좌룡동,0,0,1,1
경상남도,사천시,죽림동,0,0,1,1
경상남도,사천시,축동면,0,0,1,1
경상남도,산청군,금서면,0,0,1,1
경상남도,산청군,단성면,2,1,1,4
경상남도,산청군,산청읍,1,1,1,3
경상남도,산청군,삼장면,0,0,1,1
경상남도,산청군,생비량면,1,0,1,2
경상남도,산청군,생초면,0,0,1,1
경상남도,산청군,시천면,1,1,2,4
경상남도,산청군,신등면,1,1,1,3
경상남도,산청군,신안면,1,0,2,3
경상남도,산청군,오부면,0,0,1,1
경상남도,산청군,차황면,0,0,1,1
경상남도,양산시,교동,2,1,0,3
경상남도,양산시,남부동,1,1,2,4
경상남도,양산시,덕계동,0,0,2,2
경상남도,양산시,동면,0,3,7,10
경상남도,양산시,명동,0,0,1,1
경상남도,양산시,물금읍,3,5,11,19
경상남도,양산시,북부동,1,1,1,3
경상남도,양산시,북정동,0,1,2,3
경상남도,양산시,삼호동,2,2,2,6
경상남도,양산시,상북면,0,1,3,4
경상남도,양산시,소주동,0,0,1,1
경상남도,양산시,신기동,0,0,1,1
경상남도,양산시,어곡동,1,0,1,2
경상남도,양산시,원동면,0,1,3,4
경상남도,양산시,중부동,0,0,2,2
경상남도,양산시,평산동,1,2,3,6
경상남도,양산시,하북면,1,1,2,4
경상남도,의령군,가례면,1,1,1,3
경상남도,의령군,궁류면,0,0,1,1
경상남도,의령군,낙서면,0,0,1,1
경상남도,의령군,대의면,0,0,1,1
경상남도,의령군,봉수면,0,0,1,1
경상남도,의령군,부림면,1,1,1,3
경상남도,의령군,용덕면,0,0,1,1
경상남도,의령군,유곡면,0,0,1,1
경상남도,의령군,의령읍,1,1,2,4
경상남도,의령군,정곡면,0,1,1,2
경상남도,의령군,지정면,0,1,1,2
경상남도,의령군,칠곡면,0,0,1,1
경상남도,의령군,화정면,0,0,1,1
경상남도,진주시,가좌동,1,2,3,6
경상남도,진주시,금곡면,0,1,1,2
경상남도,진주시,금산면,0,1,2,3
경상남도,진주시,내동면,0,0,1,1
경상남도,진주시,대곡면,1,1,1,3
경상남도,진주시,망경동,0,0,1,1
경상남도,진주시,명석면,0,1,1,2
경상남도,진주시,문산읍,0,0,1,1
경상남도,진주시,미천면,0,0,1,1
경상남도,진주시,봉곡동,0,0,1,1
경상남도,진주시,봉래동,0,0,1,1
경상남도,진주시,사봉면,0,1,1,2
경상남도,진주시,상대동,0,0,1,1
경상남도,진주시,상봉동,3,2,1,6
경상남도,진주시,상평동,2,1,1,4
경상남도,진주시,수곡면,1,1,1,3
경상남도,진주시,신안동,0,0,3,3
경상남도,진주시,이반성면,0,0,1,1
경상남도,진주시,이현동,1,2,1,4
경상남도,진주시,인사동,0,0,1,1
경상남도,진주시,일반성면,1,0,1,2
경상남도,진주시,장재동,2,0,0,2
경상남도,진주시,정촌면,0,0,2,2
경상남도,진주시,주약동,0,0,1,1
경상남도,진주시,지수면,0,1,1,2
경상남도,진주시,진성면,2,0,1,3
경상남도,진주시,집현면,0,0,1,1
경상남도,진주시,초전동,2,1,4,7
경상남도,진주시,충무공동,1,2,3,6
경상남도,진주시,칠암동,0,1,1,2
경상남도,진주시,판문동,0,0,1,1
경상남도,진주시,평거동,2,2,3,7
경상남도,진주시,하대동,2,2,2,6
경상남도,진주시,호탄동,1,0,0,1
경상남도,창녕군,계성면,0,0,1,1
경상남도,창녕군,고암면,1,0,1,2
경상남도,창녕군,길곡면,0,0,1,1
경상남도,창녕군,남지읍,1,2,2,5
경상남도,창녕군,대지면,1,0,1,2
경상남도,창녕군,대합면,1,1,1,3
경상남도,창녕군,도천면,0,0,1,1
경상남도,창녕군,부곡면,0,1,2,3
경상남도,창녕군,성산면,0,1,1,2
경상남도,창녕군,영산면,1,1,1,3
경상남도,창녕군,유어면,0,0,1,1
경상남도,창녕군,이방면,1,1,2,4
경상남도,창녕군,장마면,0,0,1,1
경상남도,창녕군,창녕읍,2,3,2,7
경상남도,창원시 마산합포구,가포동,1,0,1,2
경상남도,창원시 마산합포구,교방동,1,1,1,3
경상남도,창원시 마산합포구,구산면,0,1,3,4
경상남도,창원시 마산합포구,대내동,0,0,1,1
경상남도,창원시 마산합포구,문화동,1,1,0,2
경상남도,창원시 마산합포구,산호동,1,1,3,5
경상남도,창원시 마산합포구,상남동,0,0,1,1
경상남도,창원시 마산합포구,성호동,0,0,1,1
경상남도,창원시 마산합포구,신월동,1,0,0,1
경상남도,창원시 마산합포구,완월동,3,1,2,6
경상남도,창원시 마산합포구,월영동,0,1,3,4
경상남도,창원시 마산합포구,자산동,0,1,1,2
경상남도,창원시 마산합포구,장군동1가,0,0,1,1
경상남도,창원시 마산합포구,진동면,2,1,2,5
경상남도,창원시 마산합포구,진북면,0,0,1,1
경상남도,창원시 마산합포구,진전면,0,1,1,2
경상남도,창원시 마산합포구,해운동,0,1,0,1
경상남도,창원시 마산합포구,현동,0,1,1,2
경상남도,창원시 마산회원구,구암동,1,1,1,3
경상남도,창원시 마산회원구,내서읍,2,4,8,14
경상남도,창원시 마산회원구,두척동,0,0,1,1
경상남도,창원시 마산회원구,봉암동,1,1,1,3
경상남도,창원시 마산회원구,석전동,0,0,2,2
경상남도,창원시 마산회원구,양덕동,1,0,2,3
경상남도,창원시 마산회원구,합성동,1,3,2,6
경상남도,창원시 마산회원구,회성동,0,1,0,1
경상남도,창원시 마산회원구,회원동,1,3,2,6
경상남도,창원시 성산구,가음동,1,1,2,4
경상남도,창원시 성산구,가음정동,0,1,0,1
경상남도,창원시 성산구,남양동,0,0,2,2
경상남도,창원시 성산구,내동,1,0,0,1
경상남도,창원시 성산구,대방동,1,2,3,6
경상남도,창원시 성산구,반림동,0,3,1,4
경상남도,창원시 성산구,반지동,0,1,1,2
경상남도,창원시 성산구,사파동,1,1,2,4
경상남도,창원시 성산구,상남동,1,1,4,6
경상남도,창원시 성산구,성주동,0,1,1,2
경상남도,창원시 성산구,신촌동,0,1,1,2
경상남도,창원시 성산구,안민동,0,1,1,2
경상남도,창원시 성산구,외동,1,1,0,2
경상남도,창원시 성산구,중앙동,3,1,2,6
경상남도,창원시 성산구,토월동,1,0,0,1
경상남도,창원시 의창구,대산면,1,1,4,6
경상남도,창원시 의창구,대원동,0,0,1,1
경상남도,창원시 의창구,도계동,1,2,1,4
경상남도,창원시 의창구,동읍,0,2,4,6
경상남도,창원시 의창구,두대동,1,0,0,1
경상남도,창원시 의창구,명곡동,1,0,1,2
경상남도,창원시 의창구,명서동,1,2,2,5
경상남도,창원시 의창구,반계동,0,0,1,1
경상남도,창원시 의창구,봉곡동,2,1,1,4
경상남도,창원시 의창구,봉림동,0,0,1,1
경상남도,창원시 의창구,북면,1,2,6,9
경상남도,창원시 의창구,사림동,0,1,1,2
경상남도,창원시 의창구,서상동,1,0,2,3
경상남도,창원시 의창구,소계동,1,0,0,1
경상남도,창원시 의창구,소답동,0,0,1,1
경상남도,창원시 의창구,신월동,1,2,1,4
경상남도,창원시 의창구,용호동,2,0,2,4
경상남도,창원시 의창구,중동,0,0,1,1
경상남도,창원시 의창구,팔용동,2,2,2,6
경상남도,창원시 진해구,경화동,1,1,1,3
경상남도,창원시 진해구,남문동,0,1,1,2
경상남도,창원시 진해구,도천동,0,0,1,1
경상남도,창원시 진해구,두동,0,1,0,1
경상남도,창원시 진해구,마천동,0,0,1,1
경상남도,창원시 진해구,석동,1,1,3,5
경상남도,창원시 진해구,성내동,1,0,0,1
경상남도,창원시 진해구,안골동,0,0,1,1
경상남도,창원시 진해구,여좌동,2,2,1,5
경상남도,창원시 진해구,용원동,1,2,2,5
경상남도,창원시 진해구,자은동,0,2,3,5
경상남도,창원시 진해구,장천동,0,0,1,1
경상남도,창원시 진해구,제황산동,0,0,2,2
경상남도,창원시 진해구,청안동,0,1,1,2
경상남도,창원시 진해구,태백동,0,0,1,1
경상남도,창원시 진해구,풍호동,0,1,1,2
경상남도,통영시,광도면,1,1,4,6
경상남도,통영시,도남동,0,0,2,2
경상남도,통영시,도산면,0,1,1,2
경상남도,통영시,도천동,1,1,1,3
경상남도,통영시,명정동,0,0,1,1
경상남도,통영시,무전동,0,1,1,2
경상남도,통영시,미수동,0,0,1,1
경상남도,통영시,봉평동,1,1,0,2
경상남도,통영시,북신동,1,0,1,2
경상남도,통영시,사량면,0,1,1,2
경상남도,통영시,산양읍,0,1,2,3
경상남도,통영시,욕지면,0,1,2,3
경상남도,통영시,용남면,1,1,2,4
경상남도,통영시,인평동,0,2,1,3
경상남도,통영시,정량동,0,0,1,1
경상남도,통영시,한산면,0,1,1,2
경상남도,하동군,고전면,0,0,1,1
경상남도,하동군,금남면,1,1,2,4
경상남도,하동군,금성면,0,0,2,2
경상남도,하동군,북천면,0,0,1,1
경상남도,하동군,악양면,0,1,1,2
경상남도,하동군,양보면,0,1,0,1
경상남도,하동군,옥종면,1,1,1,3
경상남도,하동군,적량면,0,0,1,1
경상남도,하동군,진교면,1,1,1,3
경상남도,하동군,청암면,0,1,2,3
경상남도,하동군,하동읍,2,2,1,5
경상남도,하동군,화개면,0,1,3,4
경상남도,하동군,횡천면,0,0,1,1
경상남도,함안군,가야읍,2,2,3,7
경상남도,함안군,군북면,1,1,2,4
경상남도,함안군,대산면,1,1,1,3
경상남도,함안군,법수면,0,0,1,1
경상남도,함안군,산인면,0,0,2,2
경상남도,함안군,여항면,0,0,1,1
경상남도,함안군,칠서면,1,2,2,5
경상남도,함안군,칠원읍,0,1,4,5
경상남도,함안군,함안면,0,1,1,2
경상남도,함양군,마천면,0,1,1,2
경상남도,함양군,백전면,0,0,1,1
경상남도,함양군,병곡면,0,0,1,1
경상남도,함양군,서상면,1,1,1,3
경상남도,함양군,서하면,0,0,1,1
경상남도,함양군,수동면,0,1,1,2
경상남도,함양군,안의면,1,1,1,3
경상남도,함양군,유림면,0,0,1,1
경상남도,함양군,지곡면,0,0,1,1
경상남도,함양군,함양읍,2,2,3,7
경상남도,함양군,휴천면,0,0,1,1
경상남도,합천군,가야면,0,1,1,2
경상남도,합천군,가회면,0,1,1,2
경상남도,합천군,대병면,0,1,1,2
경상남도,합천군,대양면,0,0,1,1
경상남도,합천군,덕곡면,0,0,1,1
경상남도,합천군,묘산면,0,1,1,2
경상남도,합천군,봉산면,0,0,1,1
경상남도,합천군,삼가면,1,1,1,3
경상남도,합천군,쌍백면,0,0,1,1
경상남도,합천군,쌍책면,0,0,1,1
경상남도,합천군,야로면,1,1,1,3
경상남도,합천군,용주면,0,0,1,1
경상남도,합천군,율곡면,0,0,1,1
경상남도,합천군,적중면,1,0,1,2
경상남도,합천군,청덕면,0,0,1,1
경상남도,합천군,초계면,1,1,1,3
경상남도,합천군,합천읍,2,2,2,6
경상북도,경산시,갑제동,1,0,0,1
경상북도,경산시,계양동,1,1,1,3
경상북도,경산시,남산면,1,0,1,2
경상북도,경산시,남천면,0,0,1,1
경상북도,경산시,백천동,1,2,1,4
경상북도,경산시,사동,1,1,2,4
경상북도,경산시,사정동,0,1,0,1
경상북도,경산시,삼남동,0,0,1,1
경상북도,경산시,신교동,0,1,0,1
경상북도,경산시,압량읍,0,1,2,3
경상북도,경산시,옥곡동,2,1,1,4
경상북도,경산시,옥산동,0,0,3,3
경상북도,경산시,와촌면,0,0,3,3
경상북도,경산시,용성면,0,1,1,2
경상북도,경산시,임당동,0,0,1,1
경상북도,경산시,자인면,2,2,1,5
경상북도,경산시,중방동,0,0,2,2
경상북도,경산시,진량읍,1,2,5,8
경상북도,경산시,평산동,0,0,1,1
경상북도,경산시,하양읍,2,2,4,8
경상북도,경주시,감포읍,1,1,1,3
경상북도,경주시,강동면,0,0,2,2
경상북도,경주시,건천읍,1,1,3,5
경상북도,경주시,구정동,0,0,1,1
경상북도,경주시,구황동,0,0,1,1
경상북도,경주시,내남면,1,0,1,2
경상북도,경주시,노서동,0,0,1,1
경상북도,경주시,동방동,0,0,1,1
경상북도,경주시,동천동,0,0,2,2
경상북도,경주시,북부동,0,0,1,1
경상북도,경주시,사정동,1,0,1,2
경상북도,경주시,산내면,0,1,1,2
경상북도,경주시,서면,0,1,1,2
경상북도,경주시,서악동,0,1,0,1
경상북도,경주시,성건동,1,0,1,2
경상북도,경주시,시래동,1,1,0,2
경상북도,경주시,안강읍,2,2,5,9
경상북도,경주시,양남면,0,1,2,3
경상북도,경주시,양북면,1,1,1,3
경상북도,경주시,외동읍,1,1,6,8
경상북도,경주시,용강동,1,1,2,4
경상북도,경주시,인왕동,1,1,0,2
경상북도,경주시,천군동,0,0,1,1
경상북도,경주시,천북면,1,0,2,3
경상북도,경주시,충효동,3,2,1,6
경상북도,경주시,현곡면,1,1,3,5
경상북도,경주시,황성동,1,3,2,6
경상북도,경주시,황오동,1,1,0,2
경상북도,고령군,개진면,0,1,1,2
경상북도,고령군,다산면,0,1,1,2
경상북도,고령군,대가야읍,2,1,1,4
경상북도,고령군,덕곡면,0,0,1,1
경상북도,고령군,성산면,0,1,2,3
경상북도,고령군,쌍림면,0,1,1,2
경상북도,고령군,우곡면,0,1,1,2
경상북도,고령군,운수면,0,0,1,1
경상북도,구미시,거의동,0,1,0,1
경상북도,구미시,고아읍,1,1,5,7
경상북도,구미시,공단동,1,0,1,2
경상북도,구미시,광평동,1,1,1,3
경상북도,구미시,구평동,1,1,3,5
경상북도,구미시,남통동,1,0,1,2
경상북도,구미시,도개면,1,1,1,3
경상북도,구미시,도량동,2,2,5,9
경상북도,구미시,무을면,0,1,1,2
경상북도,구미시,봉곡동,2,3,2,7
경상북도,구미시,사곡동,1,0,1,2
경상북도,구미시,산동면,1,2,3,6
경상북도,구미시,산동읍,0,0,1,1
경상북도,구미시,상모동,1,0,2,3
경상북도,구미시,선산읍,1,1,1,3
경상북도,구미시,송정동,0,1,1,2
경상북도,구미시,신평동,0,1,2,3
경상북도,구미시,오태동,0,1,2,3
경상북도,구미시,옥계동,0,2,4,6
경상북도,구미시,옥성면,0,0,2,2
경상북도,구미시,원평동,0,1,2,3
경상북도,구미시,인의동,0,1,2,3
경상북도,구미시,임수동,1,0,0,1
경상북도,구미시,임은동,0,2,1,3
경상북도,구미시,장천면,1,1,1,3
경상북도,구미시,지산동,1,0,1,2
경상북도,구미시,진평동,0,1,1,2
경상북도,구미시,해평면,1,1,1,3
경상북도,구미시,형곡동,2,2,3,7
경상북도,구미시,황상동,1,0,1,2
경상북도,김천시,감문면,0,1,1,2
경상북도,김천시,감천면,0,0,1,1
경상북도,김천시,개령면,0,1,2,3
경상북도,김천시,교동,3,1,0,4
경상북도,김천시,구성면,0,0,1,1
경상북도,김천시,남산동,0,0,2,2
경상북도,김천시,다수동,0,0,1,1
경상북도,김천시,대덕면,0,1,1,2
경상북도,김천시,대항면,0,0,2,2
경상북도,김천시,모암동,1,0,1,2
경상북도,김천시,봉산면,0,0,1,1
경상북도,김천시,부곡동,1,1,2,4
경상북도,김천시,부항면,0,0,1,1
경상북도,김천시,삼락동,0,1,1,2
경상북도,김천시,성내동,0,1,0,1
경상북도,김천시,신음동,0,0,2,2
경상북도,김천시,아포읍,1,1,1,3
경상북도,김천시,어모면,0,1,2,3
경상북도,김천시,율곡동,2,2,3,7
경상북도,김천시,조마면,0,0,1,1
경상북도,김천시,증산면,0,0,1,1
경상북도,김천시,지례면,0,0,1,1
경상북도,김천시,지좌동,1,2,1,4
경상북도,김천시,평화동,1,1,0,2
경상북도,김천시,황금동,0,1,0,1
경상북도,문경시,가은읍,1,1,1,3
경상북도,문경시,농암면,0,0,2,2
경상북도,문경시,동로면,0,1,1,2
경상북도,문경시,마성면,0,1,1,2
경상북도,문경시,모전동,2,2,2,6
경상북도,문경시,문경읍,1,1,3,5
경상북도,문경시,산북면,0,1,2,3
경상북도,문경시,산양면,0,1,1,2
경상북도,문경시,신기동,0,0,1,1
경상북도,문경시,영순면,0,0,1,1
경상북도,문경시,유곡동,0,0,1,1
경상북도,문경시,점촌동,1,0,1,2
경상북도,문경시,호계면,0,0,1,1
경상북도,문경시,흥덕동,1,1,1,3
경상북도,봉화군,명호면,0,1,1,2
경상북도,봉화군,물야면,0,1,1,2
경상북도,봉화군,법전면,0,0,1,1
경상북도,봉화군,봉성면,0,0,2,2
경상북도,봉화군,봉화읍,2,1,3,6
경상북도,봉화군,상운면,0,0,1,1
경상북도,봉화군,석포면,0,1,1,2
경상북도,봉화군,소천면,0,1,2,3
경상북도,봉화군,재산면,0,0,1,1
경상북도,봉화군,춘양면,1,2,2,5
경상북도,상주시,계산동,2,1,0,3
경상북도,상주시,공검면,0,0,1,1
경상북도,상주시,공성면,1,1,1,3
경상북도,상주시,낙동면,0,2,2,4
경상북도,상주시,낙양동,1,1,0,2
경상북도,상주시,남성동,0,1,2,3
경상북도,상주시,내서면,0,1,1,2
경상북도,상주시,냉림동,0,0,1,1
경상북도,상주시,만산동,0,1,0,1
경상북도,상주시,모동면,1,1,2,4
경상북도,상주시,모서면,0,1,1,2
경상북도,상주시,복룡동,1,0,0,1
경상북도,상주시,사벌국면,0,0,1,1
경상북도,상주시,서문동,0,0,1,1
경상북도,상주시,성동동,0,0,1,1
경상북도,상주시,신봉동,1,0,0,1
경상북도,상주시,외남면,0,0,1,1
경상북도,상주시,외서면,0,0,2,2
경상북도,상주시,은척면,0,1,2,3
경상북도,상주시,이안면,0,0,1,1
경상북도,상주시,중동면,0,0,1,1
경상북도,상주시,지천동,0,0,1,1
경상북도,상주시,청리면,0,1,1,2
경상북도,상주시,함창읍,2,2,2,6
경상북도,상주시,헌신동,0,0,1,1
경상북도,상주시,화동면,0,1,1,2
경상북도,상주시,화북면,0,1,3,4
경상북도,상주시,화서면,1,1,1,3
경상북도,성주군,가천면,0,1,1,2
경상북도,성주군,대가면,0,0,1,1
경상북도,성주군,벽진면,0,1,1,2
경상북도,성주군,선남면,1,1,2,4
경상북도,성주군,성주읍,2,2,2,6
경상북도,성주군,수륜면,0,1,1,2
경상북도,성주군,용암면,0,1,2,3
경상북도,성주군,월항면,0,0,2,2
경상북도,성주군,초전면,0,1,1,2
경상북도,안동시,금곡동,1,1,1,3
경상북도,안동시,길안면,0,1,2,3
경상북도,안동시,남문동,0,0,1,1
경상북도,안동시,남선면,0,0,1,1
경상북도,안동시,남후면,0,0,1,1
경상북도,안동시,녹전면,0,0,2,2
경상북도,안동시,당북동,0,1,0,1
경상북도,안동시,도산면,0,1,1,2
경상북도,안동시,명륜동,0,0,1,1
경상북도,안동시,법상동,1,1,0,2
경상북도,안동시,북후면,0,1,1,2
경상북도,안동시,서후면,0,0,1,1
경상북도,안동시,송천동,0,0,1,1
경상북도,안동시,송현동,2,1,1,4
경상북도,안동시,신세동,0,0,1,1
경상북도,안동시,신안동,1,0,0,1
경상북도,안동시,안기동,1,0,1,2
경상북도,안동시,안막동,1,0,0,1
경상북도,안동시,예안면,0,0,2,2
경상북도,안동시,옥동,1,0,2,3
경상북도,안동시,와룡면,0,0,1,1
경상북도,안동시,용상동,0,1,2,3
경상북도,안동시,일직면,0,1,1,2
경상북도,안동시,임동면,0,0,1,1
경상북도,안동시,임하면,0,0,1,1
경상북도,안동시,정상동,1,0,0,1
경상북도,안동시,정하동,2,0,1,3
경상북도,안동시,태화동,1,2,1,4
경상북도,안동시,풍산읍,1,1,3,5
경상북도,안동시,풍천면,0,1,2,3
경상북도,영덕군,강구면,1,1,1,3
경상북도,영덕군,남정면,0,1,1,2
경상북도,영덕군,병곡면,0,1,2,3
경상북도,영덕군,영덕읍,2,2,1,5
경상북도,영덕군,영해면,1,1,1,3
경상북도,영덕군,지품면,0,1,1,2
경상북도,영덕군,창수면,0,0,2,2
경상북도,영덕군,축산면,0,1,1,2
경상북도,영양군,석보면,0,1,1,2
경상북도,영양군,수비면,1,1,1,3
경상북도,영양군,영양읍,2,2,2,6
경상북도,영양군,일월면,0,0,1,1
경상북도,영양군,입암면,0,0,1,1
경상북도,영양군,청기면,0,0,1,1
경상북도,영주시,가흥동,1,1,2,4
경상북도,영주시,단산면,0,1,1,2
경상북도,영주시,문수면,0,0,1,1
경상북도,영주시,봉현면,0,0,1,1
경상북도,영주시,부석면,0,1,1,2
경상북도,영주시,상망동,1,0,0,1
경상북도,영주시,순흥면,0,1,1,2
경상북도,영주시,안정면,0,0,1,1
경상북도,영주시,영주동,1,2,2,5
경상북도,영주시,이산면,0,0,1,1
경상북도,영주시,장수면,0,0,1,1
경상북도,영주시,평은면,0,0,1,1
경상북도,영주시,풍기읍,1,2,2,5
경상북도,영주시,하망동,3,1,1,5
경상북도,영주시,휴천동,2,2,3,7
경상북도,영천시,고경면,0,1,2,3
경상북도,영천시,금노동,0,0,1,1
경상북도,영천시,금호읍,2,2,2,6
경상북도,영천시,대창면,0,0,1,1
경상북도,영천시,도동,1,1,0,2
경상북도,영천시,문내동,0,0,1,1
경상북도,영천시,북안면,0,1,1,2
경상북도,영천시,성내동,1,0,0,1
경상북도,영천시,신녕면,1,1,1,3
경상북도,영천시,야사동,2,1,1,4
경상북도,영천시,임고면,0,0,2,2
경상북도,영천시,자양면,0,0,1,1
경상북도,영천시,조교동,0,0,1,1
경상북도,영천시,창구동,0,1,0,1
경상북도,영천시,청통면,0,1,1,2
경상북도,영천시,화남면,1,1,2,4
경상북도,영천시,화룡동,1,1,1,3
경상북도,영천시,화북면,0,0,1,1
경상북도,영천시,화산면,0,1,1,2
경상북도,예천군,감천면,0,1,1,2
경상북도,예천군,예천읍,2,3,3,8
경상북도,예천군,용궁면,0,1,1,2
경상북도,예천군,용문면,0,1,1,2
경상북도,예천군,유천면,0,0,1,1
경상북도,예천군,은풍면,0,1,1,2
경상북도,예천군,지보면,0,1,1,2
경상북도,예천군,풍양면,0,1,1,2
경상북도,예천군,호명면,1,0,1,2
경상북도,예천군,효자면,0,0,1,1
경상북도,울릉군,북면,0,0,1,1
경상북도,울릉군,서면,0,0,1,1
경상북도,울릉군,울릉읍,1,1,2,4
경상북도,울진군,근남면,0,0,1,1
경상북도,울진군,금강송면,0,0,2,2
경상북도,울진군,기성면,0,1,1,2
경상북도,울진군,매화면,0,1,1,2
경상북도,울진군,북면,0,1,2,3
경상북도,울진군,온정면,0,1,1,2
경상북도,울진군,울진읍,1,1,2,4
경상북도,울진군,죽변면,1,1,1,3
경상북도,울진군,평해읍,2,1,1,4
경상북도,울진군,후포면,1,1,2,4
경상북도,의성군,가음면,0,0,1,1
경상북도,의성군,구천면,0,0,1,1
경상북도,의성군,금성면,1,2,1,4
경상북도,의성군,다인면,0,1,1,2
경상북도,의성군,단밀면,0,0,1,1
경상북도,의성군,단북면,0,1,0,1
경상북도,의성군,단촌면,0,0,1,1
경상북도,의성군,봉양면,1,1,1,3
경상북도,의성군,비안면,0,1,1,2
경상북도,의성군,신평면,0,0,1,1
경상북도,의성군,안계면,1,1,1,3
경상북도,의성군,안평면,0,0,1,1
경상북도,의성군,옥산면,0,1,1,2
경상북도,의성군,의성읍,3,2,3,8
경상북도,의성군,점곡면,0,0,1,1
경상북도,의성군,춘산면,0,0,1,1
경상북도,청도군,각남면,0,0,1,1
경상북도,청도군,각북면,0,0,1,1
경상북도,청도군,금천면,1,1,1,3
경상북도,청도군,매전면,0,1,1,2
경상북도,청도군,이서면,1,1,1,3
경상북도,청도군,청도읍,1,1,2,4
경상북도,청도군,풍각면,1,1,1,3
경상북도,청도군,화양읍,1,1,3,5
경상북도,청송군,부남면,1,1,1,3
경상북도,청송군,안덕면,0,1,1,2
경상북도,청송군,주왕산면,0,1,1,2
경상북도,청송군,진보면,1,2,1,4
경상북도,청송군,청송읍,2,2,1,5
경상북도,청송군,파천면,0,0,1,1
경상북도,청송군,현동면,0,1,1,2
경상북도,청송군,현서면,1,1,1,3
경상북도,칠곡군,가산면,0,0,3,3
경상북도,칠곡군,기산면,0,0,1,1
경상북도,칠곡군,동명면,1,1,2,4
경상북도,칠곡군,북삼읍,1,2,3,6
경상북도,칠곡군,석적읍,1,2,3,6
경상북도,칠곡군,약목면,1,1,2,4
경상북도,칠곡군,왜관읍,2,4,5,11
경상북도,칠곡군,지천면,1,1,2,4
경상북도,포항시 남구,구룡포읍,1,1,1,3
경상북도,포항시 남구,대도동,0,1,3,4
경상북도,포항시 남구,대송면,0,1,2,3
경상북도,포항시 남구,대잠동,1,0,2,3
경상북도,포항시 남구,동해면,1,1,1,3
경상북도,포항시 남구,상도동,0,0,1,1
경상북도,포항시 남구,송도동,0,1,2,3
경상북도,포항시 남구,연일읍,1,2,3,6
경상북도,포항시 남구,오천읍,1,3,6,10
경상북도,포항시 남구,이동,1,1,0,2
경상북도,포항시 남구,인덕동,0,0,1,1
경상북도,포항시 남구,장기면,0,1,3,4
경상북도,포항시 남구,지곡동,3,1,2,6
경상북도,포항시 남구,청림동,0,0,1,1
경상북도,포항시 남구,호미곶면,0,1,1,2
경상북도,포항시 남구,효자동,0,0,1,1
경상북도,포항시 북구,기계면,1,1,1,3
경상북도,포항시 북구,기북면,0,1,1,2
경상북도,포항시 북구,덕수동,0,0,1,1
경상북도,포항시 북구,두호동,1,0,2,3
경상북도,포항시 북구,득량동,0,1,0,1
경상북도,포항시 북구,송라면,0,1,1,2
경상북도,포항시 북구,신광면,0,1,1,2
경상북도,포항시 북구,양덕동,0,1,3,4
경상북도,포항시 북구,여남동,1,0,0,1
경상북도,포항시 북구,용흥동,3,3,3,9
경상북도,포항시 북구,우현동,6,3,1,10
경상북도,포항시 북구,장성동,1,1,4,6
경상북도,포항시 북구,죽도동,0,1,3,4
경상북도,포항시 북구,죽장면,1,1,2,4
경상북도,포항시 북구,창포동,0,1,2,3
경상북도,포항시 북구,청하면,0,1,2,3
경상북도,포항시 북구,학산동,2,1,1,4
경상북도,포항시 북구,학잠동,0,0,1,1
경상북도,포항시 북구,환호동,0,2,2,4
경상북도,포항시 북구,흥해읍,2,1,9,12
광주광역시,광산구,남산동,0,0,1,1
광주광역시,광산구,도덕동,0,0,1,1
광주광역시,광산구,도산동,0,0,3,3
광주광역시,광산구,비아동,0,0,1,1
광주광역시,광산구,산월동,0,2,2,4
광주광역시,광산구,산정동,0,1,1,2
광주광역시,광산구,서봉동,1,0,0,1
광주광역시,광산구,선암동,0,1,1,2
광주광역시,광산구,소촌동,1,1,2,4
광주광역시,광산구,송정동,1,2,0,3
광주광역시,광산구,수완동,2,2,2,6
광주광역시,광산구,신가동,0,0,4,4
광주광역시,광산구,신창동,2,3,2,7
광주광역시,광산구,신촌동,0,0,1,1
광주광역시,광산구,옥동,0,0,1,1
광주광역시,광산구,용동,0,1,0,1
광주광역시,광산구,우산동,1,1,2,4
광주광역시,광산구,운남동,1,2,4,7
광주광역시,광산구,운수동,1,0,0,1
광주광역시,광산구,월계동,4,3,5,12
광주광역시,광산구,월곡동,0,3,4,7
광주광역시,광산구,임곡동,1,1,1,3
광주광역시,광산구,장덕동,2,3,3,8
광주광역시,광산구,하남동,0,0,1,1
광주광역시,광산구,하산동,0,0,1,1
광주광역시,광산구,흑석동,0,0,1,1
광주광역시,남구,노대동,0,1,1,2
광주광역시,남구,방림동,3,1,1,5
광주광역시,남구,백운동,1,1,1,3
광주광역시,남구,봉선동,2,3,4,9
광주광역시,남구,서동,0,0,1,1
광주광역시,남구,송하동,3,1,1,5
광주광역시,남구,양림동,1,1,1,3
광주광역시,남구,월산동,0,1,2,3
광주광역시,남구,월성동,0,0,1,1
광주광역시,남구,임암동,0,0,1,1
광주광역시,남구,주월동,3,2,4,9
광주광역시,남구,지석동,0,1,1,2
광주광역시,남구,진월동,3,3,3,9
광주광역시,남구,행암동,1,1,1,3
광주광역시,동구,계림동,1,0,1,2
광주광역시,동구,궁동,0,0,1,1
광주광역시,동구,내남동,0,0,1,1
광주광역시,동구,산수동,0,1,3,4
광주광역시,동구,서석동,0,1,1,2
광주광역시,동구,소태동,0,1,1,2
광주광역시,동구,용산동,0,0,1,1
광주광역시,동구,운림동,0,1,1,2
광주광역시,동구,장동,1,0,0,1
광주광역시,동구,지산동,2,2,1,5
광주광역시,동구,학동,1,0,0,1
광주광역시,북구,각화동,0,1,1,2
광주광역시,북구,누문동,1,0,0,1
광주광역시,북구,동림동,0,1,2,3
광주광역시,북구,두암동,0,2,4,6
광주광역시,북구,망월동,0,0,1,1
광주광역시,북구,매곡동,2,1,2,5
광주광역시,북구,문흥동,0,2,4,6
광주광역시,북구,본촌동,0,1,1,2
광주광역시,북구,북동,0,0,1,1
광주광역시,북구,삼각동,3,1,1,5
광주광역시,북구,신안동,0,0,1,1
광주광역시,북구,신용동,1,1,3,5
광주광역시,북구,양산동,0,1,3,4
광주광역시,북구,오룡동,1,0,0,1
광주광역시,북구,오치동,2,2,4,8
광주광역시,북구,용두동,0,1,0,1
광주광역시,북구,용봉동,2,2,2,6
광주광역시,북구,우산동,0,1,2,3
광주광역시,북구,운암동,5,3,4,12
광주광역시,북구,유동,0,1,0,1
광주광역시,북구,일곡동,2,5,4,11
광주광역시,북구,임동,0,0,1,1
광주광역시,북구,중흥동,0,0,2,2
광주광역시,북구,지야동,0,0,1,1
광주광역시,북구,충효동,0,0,1,1
광주광역시,북구,풍향동,2,2,1,5
광주광역시,북구,효령동,0,0,1,1
광주광역시,서구,광천동,0,0,1,1
광주광역시,서구,금호동,0,2,5,7
광주광역시,서구,농성동,0,0,1,1
광주광역시,서구,동천동,0,1,2,3
광주광역시,서구,매월동,1,0,1,2
광주광역시,서구,세하동,0,0,1,1
광주광역시,서구,쌍촌동,2,5,3,10
광주광역시,서구,양동,0,0,1,1
광주광역시,서구,유촌동,0,1,2,3
광주광역시,서구,치평동,1,1,3,5
광주광역시,서구,풍암동,1,2,4,7
광주광역시,서구,화정동,3,3,6,12
김해시,주촌면,선지리,0,1,0,1
대구광역시,군위군,고로면,0,0,1,1
대구광역시,군위군,군위읍,1,1,1,3
대구광역시,군위군,부계면,0,1,1,2
대구광역시,군위군,소보면,0,0,1,1
대구광역시,군위군,우보면,0,1,0,1
대구광역시,군위군,의흥면,0,1,1,2
대구광역시,군위군,효령면,0,1,2,3
대구광역시,남구,대명동,5,3,7,15
대구광역시,남구,봉덕동,2,2,2,6
대구광역시,남구,이천동,0,1,2,3
대구광역시,달서구,감삼동,0,0,2,2
대구광역시,달서구,대곡동,1,1,2,4
대구광역시,달서구,대천동,0,0,1,1
대구광역시,달서구,도원동,2,2,4,8
대구광역시,달서구,두류동,1,1,3,5
대구광역시,달서구,본동,0,0,1,1
대구광역시,달서구,본리동,1,2,2,5
대구광역시,달서구,상인동,5,3,6,14
대구광역시,달서구,성당동,3,3,1,7
대구광역시,달서구,송현동,1,2,3,6
대구광역시,달서구,신당동,1,0,2,3
대구광역시,달서구,용산동,3,4,6,13
대구광역시,달서구,월성동,2,6,7,15
대구광역시,달서구,유천동,0,0,3,3
대구광역시,달서구,이곡동,1,3,4,8
대구광역시,달서구,장기동,1,0,3,4
대구광역시,달서구,죽전동,0,0,1,1
대구광역시,달서구,진천동,0,1,3,4
대구광역시,달서구,호산동,1,0,2,3
대구광역시,달성군,가창면,0,1,2,3
대구광역시,달성군,구지면,1,1,2,4
대구광역시,달성군,논공읍,0,2,4,6
대구광역시,달성군,다사읍,2,5,9,16
대구광역시,달성군,옥포읍,0,1,4,5
대구광역시,달성군,유가읍,1,2,3,6
대구광역시,달성군,하빈면,1,1,2,4
대구광역시,달성군,현풍읍,3,2,2,7
대구광역시,달성군,화원읍,2,3,5,10
대구광역시,동구,각산동,2,0,1,3
대구광역시,동구,괴전동,0,0,1,1
대구광역시,동구,덕곡동,1,0,0,1
대구광역시,동구,동호동,0,0,1,1
대구광역시,동구,방촌동,0,1,3,4
대구광역시,동구,백안동,0,1,1,2
대구광역시,동구,봉무동,1,1,3,5
대구광역시,동구,부동,0,0,1,1
대구광역시,동구,불로동,0,1,1,2
대구광역시,동구,서호동,0,1,1,2
대구광역시,동구,숙천동,0,0,1,1
대구광역시,동구,신기동,0,1,0,1
대구광역시,동구,신서동,1,2,1,4
대구광역시,동구,신암동,2,1,6,9
대구광역시,동구,신천동,1,1,2,4
대구광역시,동구,신평동,1,0,0,1
대구광역시,동구,용계동,1,0,0,1
대구광역시,동구,율하동,0,1,4,5
대구광역시,동구,입석동,0,1,1,2
대구광역시,동구,중대동,0,0,1,1
대구광역시,동구,지묘동,0,1,2,3
대구광역시,동구,효목동,1,0,2,3
대구광역시,북구,검단동,1,1,0,2
대구광역시,북구,관음동,0,1,2,3
대구광역시,북구,구암동,3,4,3,10
대구광역시,북구,국우동,2,1,3,6
대구광역시,북구,대현동,0,0,1,1
대구광역시,북구,동변동,0,1,1,2
대구광역시,북구,동천동,0,0,3,3
대구광역시,북구,동호동,1,1,0,2
대구광역시,북구,매천동,0,0,2,2
대구광역시,북구,복현동,3,3,3,9
대구광역시,북구,사수동,0,1,2,3
대구광역시,북구,산격동,0,1,3,4
대구광역시,북구,서변동,0,1,2,3
대구광역시,북구,연경동,0,0,1,1
대구광역시,북구,읍내동,1,1,3,5
대구광역시,북구,칠성동2가,2,1,1,4
대구광역시,북구,침산동,1,2,3,6
대구광역시,북구,태전동,3,2,4,9
대구광역시,북구,팔달동,0,1,1,2
대구광역시,북구,학정동,0,0,1,1
대구광역시,서구,내당동,2,1,3,6
대구광역시,서구,비산동,1,1,6,8
대구광역시,서구,상리동,1,0,0,1
대구광역시,서구,원대동1가,0,1,1,2
대구광역시,서구,이현동,0,0,1,1
대구광역시,서구,중리동,1,2,1,4
대구광역시,서구,평리동,1,3,5,9
대구광역시,수성구,노변동,1,1,1,3
대구광역시,수성구,두산동,1,0,1,2
대구광역시,수성구,만촌동,5,5,5,15
대구광역시,수성구,매호동,0,1,3,4
대구광역시,수성구,범물동,0,2,3,5
대구광역시,수성구,범어동,3,3,5,11
대구광역시,수성구,상동,0,1,1,2
대구광역시,수성구,수성동1가,1,1,1,3
대구광역시,수성구,수성동2가,0,1,1,2
대구광역시,수성구,수성동4가,1,1,0,2
대구광역시,수성구,시지동,0,1,2,3
대구광역시,수성구,신매동,1,1,3,5
대구광역시,수성구,욱수동,1,1,0,2
대구광역시,수성구,중동,0,0,1,1
대구광역시,수성구,지산동,1,2,4,7
대구광역시,수성구,파동,0,1,1,2
대구광역시,수성구,황금동,2,1,2,5
대구광역시,중구,남산동,2,1,2,5
대구광역시,중구,대봉동,1,1,0,2
대구광역시,중구,대신동,0,1,1,2
대구광역시,중구,동산동,1,1,0,2
대구광역시,중구,동인동4가,0,0,1,1
대구광역시,중구,봉산동,0,1,2,3
대구광역시,중구,삼덕동2가,0,0,1,1
대구광역시,중구,삼덕동3가,0,0,1,1
대구광역시,중구,서문로1가,0,0,1,1
대구광역시,중구,수창동,0,0,1,1
대전광역시,대덕구,대화동,0,0,1,1
대전광역시,대덕구,덕암동,0,1,1,2
대전광역시,대덕구,목상동,0,0,1,1
대전광역시,대덕구,법동,0,1,3,4
대전광역시,대덕구,비래동,0,0,1,1
대전광역시,대덕구,석봉동,1,1,2,4
대전광역시,대덕구,송촌동,1,2,3,6
대전광역시,대덕구,신대동,0,0,1,1
대전광역시,대덕구,신탄진동,1,1,2,4
대전광역시,대덕구,오정동,1,3,3,7
대전광역시,대덕구,와동,0,1,0,1
대전광역시,대덕구,읍내동,0,0,1,1
대전광역시,대덕구,장동,0,0,1,1
대전광역시,대덕구,중리동,1,2,1,4
대전광역시,동구,가양동,2,3,3,8
대전광역시,동구,가오동,1,1,1,3
대전광역시,동구,낭월동,0,0,1,1
대전광역시,동구,대동,1,1,1,3
대전광역시,동구,대성동,0,1,1,2
대전광역시,동구,비룡동,1,0,0,1
대전광역시,동구,삼성동,2,2,3,7
대전광역시,동구,상소동,0,0,1,1
대전광역시,동구,성남동,0,0,1,1
대전광역시,동구,세천동,0,0,1,1
대전광역시,동구,신흥동,0,1,1,2
대전광역시,동구,용운동,0,1,2,3
대전광역시,동구,용전동,0,0,1,1
대전광역시,동구,자양동,2,1,2,5
대전광역시,동구,천동,0,0,1,1
대전광역시,동구,추동,0,0,1,1
대전광역시,동구,판암동,0,1,2,3
대전광역시,서구,가수원동,0,1,1,2
대전광역시,서구,가장동,0,0,1,1
대전광역시,서구,갈마동,3,3,3,9
대전광역시,서구,관저동,5,4,7,16
대전광역시,서구,괴곡동,0,1,1,2
대전광역시,서구,괴정동,1,2,1,4
대전광역시,서구,내동,1,0,1,2
대전광역시,서구,도마동,2,3,3,8
대전광역시,서구,도안동,0,1,3,4
대전광역시,서구,둔산동,1,3,6,10
대전광역시,서구,만년동,1,1,2,4
대전광역시,서구,매노동,0,0,1,1
대전광역시,서구,변동,0,3,2,5
대전광역시,서구,복수동,2,3,2,7
대전광역시,서구,월평동,1,3,4,8
대전광역시,서구,정림동,0,0,1,1
대전광역시,서구,탄방동,0,0,1,1
대전광역시,서구,평촌동,0,0,1,1
대전광역시,서구,흑석동,0,1,0,1
대전광역시,유성구,가정동,0,1,0,1
대전광역시,유성구,계산동,0,0,1,1
대전광역시,유성구,관평동,1,2,3,6
대전광역시,유성구,교촌동,0,0,1,1
대전광역시,유성구,구성동,1,0,0,1
대전광역시,유성구,구암동,2,0,0,2
대전광역시,유성구,궁동,0,0,1,1
대전광역시,유성구,노은동,1,1,2,4
대전광역시,유성구,대정동,0,0,1,1
대전광역시,유성구,덕명동,0,1,1,2
대전광역시,유성구,도룡동,1,0,2,3
대전광역시,유성구,둔곡동,0,1,1,2
대전광역시,유성구,문지동,0,0,1,1
대전광역시,유성구,반석동,0,1,2,3
대전광역시,유성구,복용동,0,0,1,1
대전광역시,유성구,봉명동,0,1,1,2
대전광역시,유성구,봉산동,0,0,1,1
대전광역시,유성구,상대동,1,1,3,5
대전광역시,유성구,송강동,0,2,2,4
대전광역시,유성구,송정동,0,0,1,1
대전광역시,유성구,신봉동,0,1,1,2
대전광역시,유성구,신성동,0,1,1,2
대전광역시,유성구,어은동,0,1,1,2
대전광역시,유성구,용산동,1,0,1,2
대전광역시,유성구,원내동,1,1,1,3
대전광역시,유성구,원신흥동,2,2,2,6
대전광역시,유성구,장대동,0,1,2,3
대전광역시,유성구,장동,1,0,0,1
대전광역시,유성구,전민동,1,2,1,4
대전광역시,유성구,죽동,1,0,1,2
대전광역시,유성구,지족동,2,2,3,7
대전광역시,유성구,하기동,0,1,2,3
대전광역시,유성구,학하동,0,0,1,1
대전광역시,유성구,화암동,1,0,0,1
대전광역시,중구,대사동,1,0,1,2
대전광역시,중구,대흥동,2,2,2,6
대전광역시,중구,목달동,0,0,1,1
대전광역시,중구,목동,2,2,2,6
대전광역시,중구,문화동,3,4,5,12
대전광역시,중구,부사동,2,2,2,6
대전광역시,중구,사정동,0,0,1,1
대전광역시,중구,산성동,0,0,1,1
대전광역시,중구,석교동,0,1,1,2
대전광역시,중구,선화동,2,1,2,5
대전광역시,중구,안영동,1,0,0,1
대전광역시,중구,오류동,0,0,1,1
대전광역시,중구,옥계동,0,0,1,1
대전광역시,중구,용두동,0,0,1,1
대전광역시,중구,유천동,0,0,1,1
대전광역시,중구,중촌동,1,1,1,3
대전광역시,중구,태평동,0,1,4,5
부산광역시,강서구,강동동,0,1,2,3
부산광역시,강서구,녹산동,0,1,1,2
부산광역시,강서구,대저1동,1,1,2,4
부산광역시,강서구,대저2동,1,1,2,4
부산광역시,강서구,명지동,2,4,8,14
부산광역시,강서구,봉림동,1,0,0,1
부산광역시,강서구,성북동,1,1,1,3
부산광역시,강서구,신호동,0,1,2,3
부산광역시,강서구,죽림동,0,0,1,1
부산광역시,강서구,지사동,0,1,1,2
부산광역시,금정구,구서동,6,4,4,14
부산광역시,금정구,금성동,0,0,1,1
부산광역시,금정구,남산동,1,2,2,5
부산광역시,금정구,두구동,0,0,1,1
부산광역시,금정구,부곡동,4,4,4,12
부산광역시,금정구,서동,2,1,3,6
부산광역시,금정구,장전동,1,1,3,5
부산광역시,금정구,청룡동,0,0,2,2
부산광역시,기장군,기장읍,1,2,6,9
부산광역시,기장군,일광면,0,1,0,1
부산광역시,기장군,일광읍,0,0,3,3
부산광역시,기장군,장안읍,2,1,3,6
부산광역시,기장군,정관읍,2,4,8,14
부산광역시,기장군,철마면,0,0,2,2
부산광역시,남구,감만동,0,2,2,4
부산광역시,남구,대연동,5,4,6,15
부산광역시,남구,문현동,5,2,2,9
부산광역시,남구,용당동,1,1,1,3
부산광역시,남구,용호동,3,4,7,14
부산광역시,남구,우암동,1,0,2,3
부산광역시,동구,범일동,1,0,2,3
부산광역시,동구,수정동,1,3,3,7
부산광역시,동구,좌천동,1,0,0,1
부산광역시,동구,초량동,2,2,1,5
부산광역시,동래구,낙민동,0,0,2,2
부산광역시,동래구,명륜동,1,2,2,5
부산광역시,동래구,명장동,6,4,6,16
부산광역시,동래구,복천동,0,0,1,1
부산광역시,동래구,사직동,3,3,3,9
부산광역시,동래구,수안동,0,0,1,1
부산광역시,동래구,안락동,0,2,3,5
부산광역시,동래구,온천동,2,3,6,11
부산광역시,동래구,칠산동,1,0,0,1
부산광역시,부산진구,가야동,1,2,3,6
부산광역시,부산진구,개금동,1,2,6,9
부산광역시,부산진구,당감동,4,2,4,10
부산광역시,부산진구,범전동,0,1,1,2
부산광역시,부산진구,범천동,0,0,3,3
부산광역시,부산진구,부암동,0,4,2,6
부산광역시,부산진구,부전동,0,0,1,1
부산광역시,부산진구,양정동,6,1,3,10
부산광역시,부산진구,연지동,0,0,1,1
부산광역시,부산진구,전포동,5,5,4,14
부산광역시,부산진구,초읍동,1,2,2,5
부산광역시,북구,구포동,4,4,5,13
부산광역시,북구,금곡동,1,2,4,7
부산광역시,북구,덕천동,2,1,3,6
부산광역시,북구,만덕동,1,3,6,10
부산광역시,북구,화명동,2,5,9,16
부산광역시,사상구,감전동,0,0,2,2
부산광역시,사상구,괘법동,0,0,2,2
부산광역시,사상구,덕포동,3,2,3,8
부산광역시,사상구,모라동,0,2,4,6
부산광역시,사상구,삼락동,0,0,1,1
부산광역시,사상구,엄궁동,0,1,3,4
부산광역시,사상구,주례동,1,4,4,9
부산광역시,사상구,학장동,1,1,2,4
부산광역시,사하구,감천동,3,3,2,8
부산광역시,사하구,괴정동,3,2,5,10
부산광역시,사하구,구평동,1,1,1,3
부산광역시,사하구,다대동,1,4,6,11
부산광역시,사하구,당리동,2,1,3,6
부산광역시,사하구,신평동,1,0,3,4
부산광역시,사하구,장림동,1,2,3,6
부산광역시,사하구,하단동,2,3,3,8
부산광역시,서구,남부민동,1,1,1,3
부산광역시,서구,동대신동1가,0,0,1,1
부산광역시,서구,동대신동2가,1,1,0,2
부산광역시,서구,동대신동3가,1,0,1,2
부산광역시,서구,부용동2가,0,0,1,1
부산광역시,서구,서대신동3가,2,3,2,7
부산광역시,서구,아미동2가,0,0,1,1
부산광역시,서구,암남동,0,0,3,3
부산광역시,서구,초장동,0,1,0,1
부산광역시,서구,토성동2가,0,0,1,1
부산광역시,서구,토성동3가,0,1,0,1
부산광역시,수영구,광안동,1,5,3,9
부산광역시,수영구,남천동,1,0,2,3
부산광역시,수영구,망미동,2,1,3,6
부산광역시,수영구,민락동,0,0,2,2
부산광역시,연제구,거제동,2,3,5,10
부산광역시,연제구,연산동,2,5,11,18
부산광역시,영도구,남항동2가,0,1,1,2
부산광역시,영도구,동삼동,5,4,6,15
부산광역시,영도구,봉래동4가,0,0,1,1
부산광역시,영도구,신선동1가,0,0,1,1
부산광역시,영도구,신선동2가,0,1,0,1
부산광역시,영도구,신선동3가,1,2,1,4
부산광역시,영도구,영선동4가,1,0,1,2
부산광역시,영도구,청학동,0,0,3,3
부산광역시,중구,광복동3가,1,0,0,1
부산광역시,중구,대청동1가,1,0,1,2
부산광역시,중구,대청동4가,0,0,1,1
부산광역시,중구,동광동5가,0,1,0,1
부산광역시,중구,보수동1가,1,0,1,2
부산광역시,중구,영주동,1,0,1,2
부산광역시,해운대구,반송동,1,2,4,7
부산광역시,해운대구,반여동,1,4,7,12
부산광역시,해운대구,송정동,0,0,1,1
부산광역시,해운대구,우동,8,3,5,16
부산광역시,해운대구,재송동,1,3,5,9
부산광역시,해운대구,좌동,3,5,8,16
부산광역시,해운대구,중동,0,1,2,3
서울특별시,강남구,개포동,4,3,8,15
서울특별시,강남구,논현동,0,1,2,3
서울특별시,강남구,대치동,3,4,4,11
서울특별시,강남구,도곡동,3,4,2,9
서울특별시,강남구,삼성동,1,2,2,5
서울특별시,강남구,세곡동,0,0,2,2
서울특별시,강남구,수서동,2,2,2,6
서울특별시,강남구,신사동,0,1,1,2
서울특별시,강남구,압구정동,3,2,1,6
서울특별시,강남구,역삼동,1,2,2,5
서울특별시,강남구,일원동,3,1,4,8
서울특별시,강남구,자곡동,1,1,2,4
서울특별시,강남구,청담동,1,1,2,4
서울특별시,강동구,강일동,1,3,3,7
서울특별시,강동구,고덕동,3,3,4,10
서울특별시,강동구,길동,0,1,3,4
서울특별시,강동구,둔촌동,2,3,4,9
서울특별시,강동구,명일동,1,0,3,4
서울특별시,강동구,상일동,5,2,4,11
서울특별시,강동구,성내동,0,1,2,3
서울특별시,강동구,암사동,1,2,3,6
서울특별시,강동구,천호동,1,4,3,8
서울특별시,강북구,미아동,6,6,7,19
서울특별시,강북구,번동,0,2,3,5
서울특별시,강북구,수유동,1,4,4,9
서울특별시,강북구,우이동,0,1,0,1
서울특별시,강서구,가양동,3,2,3,8
서울특별시,강서구,공항동,0,2,1,3
서울특별시,강서구,내발산동,8,4,3,15
서울특별시,강서구,등촌동,6,5,8,19
서울특별시,강서구,마곡동,2,2,4,8
서울특별시,강서구,방화동,2,3,5,10
서울특별시,강서구,염창동,0,2,3,5
서울특별시,강서구,화곡동,2,2,7,11
서울특별시,관악구,남현동,0,0,1,1
서울특별시,관악구,봉천동,9,7,10,26
서울특별시,관악구,신림동,8,9,11,28
서울특별시,광진구,광장동,1,3,3,7
서울특별시,광진구,구의동,1,1,3,5
서울특별시,광진구,군자동,0,0,2,2
서울특별시,광진구,능동,1,0,1,2
서울특별시,광진구,자양동,2,4,7,13
서울특별시,광진구,중곡동,3,2,4,9
서울특별시,광진구,화양동,1,2,1,4
서울특별시,구로구,가리봉동,0,0,1,1
서울특별시,구로구,개봉동,0,3,4,7
서울특별시,구로구,고척동,2,2,5,9
서울특별시,구로구,구로동,3,4,7,14
서울특별시,구로구,궁동,6,1,0,7
서울특별시,구로구,신도림동,1,1,2,4
서울특별시,구로구,오류동,1,1,3,5
서울특별시,구로구,온수동,0,0,1,1
서울특별시,구로구,천왕동,0,1,2,3
서울특별시,구로구,항동,1,1,1,3
서울특별시,금천구,독산동,1,5,9,15
서울특별시,금천구,시흥동,5,4,9,18
서울특별시,노원구,공릉동,2,3,7,12
서울특별시,노원구,상계동,6,9,17,32
서울특별시,노원구,월계동,5,5,6,16
서울특별시,노원구,중계동,9,6,9,24
서울특별시,노원구,하계동,3,3,3,9
서울특별시,도봉구,도봉동,1,2,3,6
서울특별시,도봉구,방학동,1,3,5,9
서울특별시,도봉구,쌍문동,4,5,6,15
서울특별시,도봉구,창동,3,3,9,15
서울특별시,동대문구,답십리동,0,1,3,4
서울특별시,동대문구,신설동,1,1,0,2
서울특별시,동대문구,용두동,0,0,1,1
서울특별시,동대문구,이문동,1,1,1,3
서울특별시,동대문구,장안동,1,2,4,7
서울특별시,동대문구,전농동,2,3,4,9
서울특별시,동대문구,제기동,1,2,2,5
서울특별시,동대문구,청량리동,1,1,1,3
서울특별시,동대문구,회기동,1,1,3,5
서울특별시,동대문구,휘경동,3,3,2,8
서울특별시,동작구,노량진동,0,0,1,1
서울특별시,동작구,대방동,4,4,3,11
서울특별시,동작구,동작동,1,1,0,2
서울특별시,동작구,본동,0,0,2,2
서울특별시,동작구,사당동,1,3,6,10
서울특별시,동작구,상도1동,0,0,1,1
서울특별시,동작구,상도동,0,4,3,7
서울특별시,동작구,신대방동,1,2,2,5
서울특별시,동작구,흑석동,0,2,3,5
서울특별시,마포구,공덕동,0,0,1,1
서울특별시,마포구,노고산동,0,1,1,2
서울특별시,마포구,대흥동,1,1,1,3
서울특별시,마포구,도화동,0,0,1,1
서울특별시,마포구,망원동,0,0,2,2
서울특별시,마포구,상수동,0,0,1,1
서울특별시,마포구,상암동,1,1,3,5
서울특별시,마포구,서교동,0,0,1,1
서울특별시,마포구,성산동,1,3,4,8
서울특별시,마포구,신수동,1,2,1,4
서울특별시,마포구,아현동,2,1,2,5
서울특별시,마포구,연남동,2,1,0,3
서울특별시,마포구,염리동,2,2,2,6
서울특별시,마포구,중동,0,1,1,2
서울특별시,마포구,합정동,0,1,1,2
서울특별시,서대문구,남가좌동,0,1,2,3
서울특별시,서대문구,대신동,1,1,1,3
서울특별시,서대문구,대현동,0,0,1,1
서울특별시,서대문구,미근동,0,0,1,1
서울특별시,서대문구,북가좌동,1,1,1,3
서울특별시,서대문구,북아현동,2,2,2,6
서울특별시,서대문구,연희동,0,3,1,4
서울특별시,서대문구,창천동,0,0,1,1
서울특별시,서대문구,천연동,0,1,1,2
서울특별시,서대문구,충정로2가,1,1,1,3
서울특별시,서대문구,현저동,1,0,0,1
서울특별시,서대문구,홍은동,1,3,3,7
서울특별시,서대문구,홍제동,0,1,4,5
서울특별시,서초구,내곡동,0,0,1,1
서울특별시,서초구,반포동,3,4,4,11
서울특별시,서초구,방배동,4,3,5,12
서울특별시,서초구,서초동,3,3,6,12
서울특별시,서초구,신원동,0,1,0,1
서울특별시,서초구,양재동,1,1,2,4
서울특별시,서초구,우면동,0,1,3,4
서울특별시,서초구,잠원동,0,2,2,4
서울특별시,성동구,금호동1가,1,0,1,2
서울특별시,성동구,금호동2가,0,0,1,1
서울특별시,성동구,금호동4가,0,0,2,2
서울특별시,성동구,마장동,0,2,2,4
서울특별시,성동구,사근동,1,1,2,4
서울특별시,성동구,성수동1가,2,2,2,6
서울특별시,성동구,성수동2가,0,2,2,4
서울특별시,성동구,송정동,0,0,1,1
서울특별시,성동구,옥수동,1,1,2,4
서울특별시,성동구,용답동,0,0,1,1
서울특별시,성동구,응봉동,0,1,1,2
서울특별시,성동구,하왕십리동,1,0,2,3
서울특별시,성동구,행당동,1,2,2,5
서울특별시,성북구,길음동,1,1,3,5
서울특별시,성북구,돈암동,1,3,4,8
서울특별시,성북구,동선동4가,1,0,0,1
서울특별시,성북구,동소문동4가,0,1,0,1
서울특별시,성북구,동소문동6가,0,0,1,1
서울특별시,성북구,동소문동7가,0,0,1,1
서울특별시,성북구,보문동3가,0,0,1,1
서울특별시,성북구,보문동7가,0,0,1,1
서울특별시,성북구,삼선동2가,1,1,0,2
서울특별시,성북구,삼선동3가,1,0,1,2
서울특별시,성북구,상월곡동,0,1,0,1
서울특별시,성북구,석관동,1,1,2,4
서울특별시,성북구,성북동,2,2,1,5
서울특별시,성북구,안암동2가,1,1,1,3
서울특별시,성북구,장위동,0,2,5,7
서울특별시,성북구,정릉동,2,2,4,8
서울특별시,성북구,종암동,1,2,2,5
서울특별시,성북구,하월곡동,1,1,2,4
서울특별시,송파구,가락동,0,4,6,10
서울특별시,송파구,거여동,2,2,3,7
서울특별시,송파구,마천동,0,0,2,2
서울특별시,송파구,문정동,1,1,3,5
서울특별시,송파구,방이동,4,5,4,13
서울특별시,송파구,삼전동,1,1,1,3
서울특별시,송파구,석촌동,0,0,1,1
서울특별시,송파구,송파동,3,2,2,7
서울특별시,송파구,신천동,1,1,3,5
서울특별시,송파구,오금동,2,4,3,9
서울특별시,송파구,잠실동,4,4,7,15
서울특별시,송파구,장지동,1,2,3,6
서울특별시,송파구,풍납동,1,3,3,7
서울특별시,양천구,목동,4,6,8,18
서울특별시,양천구,신월동,3,7,8,18
서울특별시,양천구,신정동,8,5,14,27
서울특별시,영등포구,당산동,0,1,1,2
서울특별시,영등포구,당산동5가,0,1,1,2
서울특별시,영등포구,대림동,0,2,5,7
서울특별시,영등포구,문래동1가,0,0,1,1
서울특별시,영등포구,문래동3가,0,1,1,2
서울특별시,영등포구,문래동6가,0,1,1,2
서울특별시,영등포구,신길동,4,2,6,12
서울특별시,영등포구,양평동2가,1,0,0,1
서울특별시,영등포구,양평동3가,0,1,2,3
서울특별시,영등포구,양평동4가,2,0,1,3
서울특별시,영등포구,여의도동,2,2,2,6
서울특별시,영등포구,영등포동,0,1,1,2
서울특별시,영등포구,영등포동7가,0,0,1,1
서울특별시,용산구,보광동,1,1,0,2
서울특별시,용산구,산천동,0,0,1,1
서울특별시,용산구,서계동,1,1,0,2
서울특별시,용산구,서빙고동,0,1,1,2
서울특별시,용산구,용산동2가,2,2,1,5
서울특별시,용산구,원효로2가,0,0,1,1
서울특별시,용산구,원효로4가,1,1,0,2
서울특별시,용산구,이촌동,1,1,1,3
서울특별시,용산구,이태원동,1,0,1,2
서울특별시,용산구,청파동2가,0,0,1,1
서울특별시,용산구,청파동3가,2,2,1,5
서울특별시,용산구,한강로2가,0,0,1,1
서울특별시,용산구,한강로3가,1,0,1,2
서울특별시,용산구,한남동,0,0,1,1
서울특별시,용산구,효창동,0,0,1,1
서울특별시,용산구,후암동,0,0,2,2
서울특별시,은평구,갈현동,5,3,2,10
서울특별시,은평구,구산동,3,3,3,9
서울특별시,은평구,녹번동,0,0,3,3
서울특별시,은평구,대조동,2,0,2,4
서울특별시,은평구,불광동,1,3,5,9
서울특별시,은평구,수색동,0,0,1,1
서울특별시,은평구,신사동,1,3,3,7
서울특별시,은평구,역촌동,0,0,1,1
서울특별시,은평구,응암동,2,2,4,8
서울특별시,은평구,증산동,0,2,1,3
서울특별시,은평구,진관동,4,2,5,11
서울특별시,종로구,가회동,0,0,1,1
서울특별시,종로구,경운동,0,0,1,1
서울특별시,종로구,계동,2,1,0,3
서울특별시,종로구,누상동,0,1,0,1
서울특별시,종로구,누하동,1,0,0,1
서울특별시,종로구,동숭동,0,1,1,2
서울특별시,종로구,명륜1가,1,0,0,1
서울특별시,종로구,무악동,0,0,1,1
서울특별시,종로구,송현동,0,1,0,1
서울특별시,종로구,신영동,0,0,1,1
서울특별시,종로구,안국동,1,0,0,1
서울특별시,종로구,운니동,0,0,1,1
서울특별시,종로구,창신동,1,0,2,3
서울특별시,종로구,청운동,2,1,1,4
서울특별시,종로구,평창동,1,0,0,1
서울특별시,종로구,필운동,0,0,1,1
서울특별시,종로구,행촌동,1,1,0,2
서울특별시,종로구,혜화동,3,2,1,6
서울특별시,종로구,홍지동,1,1,1,3
서울특별시,종로구,효제동,0,0,1,1
서울특별시,중구,남산동2가,0,0,1,1
서울특별시,중구,만리동2가,0,1,1,2
서울특별시,중구,순화동,1,0,0,1
서울특별시,중구,신당동,5,4,6,15
서울특별시,중구,예장동,1,0,2,3
서울특별시,중구,인현동2가,0,1,0,1
서울특별시,중구,장충동2가,0,0,1,1
서울특별시,중구,정동,1,1,1,3
서울특별시,중구,중림동,1,0,0,1
서울특별시,중구,흥인동,1,0,0,1
서울특별시,중랑구,망우동,5,5,5,15
서울특별시,중랑구,면목동,1,3,6,10
서울특별시,중랑구,묵동,2,2,3,7
서울특별시,중랑구,상봉동,1,2,1,4
서울특별시,중랑구,신내동,0,0,6,6
서울특별시,중랑구,중화동,1,2,2,5
세종특별자치시,고운동,1366,0,0,1,1
세종특별자치시,고운동,1384,0,0,1,1
세종특별자치시,고운동,1385,0,1,0,1
세종특별자치시,고운동,1398,0,0,1,1
세종특별자치시,고운동,1413,0,0,1,1
세종특별자치시,고운동,1415,1,0,0,1
세종특별자치시,고운동,1710,0,1,0,1
세종특별자치시,고운동,1711,0,0,1,1
세종특별자치시,고운동,898,1,0,0,1
세종특별자치시,금남면,감성리,0,0,1,1
세종특별자치시,금남면,신촌리,0,0,1,1
세종특별자치시,금남면,집현리,0,1,2,3
세종특별자치시,금남면,호탄리,1,0,0,1
세종특별자치시,나성동,298-6,0,0,1,1
세종특별자치시,나성동,325-2,0,1,0,1
세종특별자치시,다정동,22-3,1,0,0,1
세종특별자치시,다정동,304,0,0,1,1
세종특별자치시,다정동,323-6,0,1,0,1
세종특별자치시,다정동,338,0,0,1,1
세종특별자치시,다정동,363-172,0,0,1,1
세종특별자치시,다정동,363-215,0,1,0,1
세종특별자치시,대평동,266-16,0,0,1,1
세종특별자치시,대평동,77-59,0,1,0,1
세종특별자치시,도담동,583,0,0,1,1
세종특별자치시,도담동,642,1,0,0,1
세종특별자치시,도담동,644,0,1,0,1
세종특별자치시,도담동,688,0,0,1,1
세종특별자치시,도담동,854,0,0,1,1
세종특별자치시,도담동,895,1,0,0,1
세종특별자치시,도담동,896,0,1,0,1
세종특별자치시,반곡동,42-9,0,0,1,1
세종특별자치시,반곡동,50-11,0,0,1,1
세종특별자치시,반곡동,63-3,1,0,0,1
세종특별자치시,반곡동,816,0,1,0,1
세종특별자치시,보람동,632-3,0,0,1,1
세종특별자치시,보람동,664-106,0,0,1,1
세종특별자치시,보람동,664-33,1,0,0,1
세종특별자치시,보람동,685,0,1,0,1
세종특별자치시,부강면,문곡리,1,0,0,1
세종특별자치시,부강면,부강리,0,1,1,2
세종특별자치시,산울동,180,1,0,0,1
세종특별자치시,산울동,254-1,0,1,1,2
세종특별자치시,새롬동,313,0,0,1,1
세종특별자치시,새롬동,341-120,0,1,0,1
세종특별자치시,새롬동,475,0,0,1,1
세종특별자치시,새롬동,산31,1,0,0,1
세종특별자치시,새롬동,산4,0,1,0,1
세종특별자치시,새롬동,산75,0,0,1,1
세종특별자치시,소담동,288-3,0,1,0,1
세종특별자치시,소담동,508-3,0,0,1,1
세종특별자치시,소담동,9-149,1,0,0,1
세종특별자치시,소담동,9-198,0,0,1,1
세종특별자치시,소담동,9-200,0,1,0,1
세종특별자치시,소정면,소정리,0,0,1,1
세종특별자치시,아름동,1275,0,0,1,1
세종특별자치시,아름동,1321,0,1,0,1
세종특별자치시,아름동,1322,1,0,0,1
세종특별자치시,아름동,1354,0,0,1,1
세종특별자치시,아름동,807,1,0,0,1
세종특별자치시,아름동,810,1,0,0,1
세종특별자치시,어진동,515,0,0,1,1
세종특별자치시,어진동,606,0,0,1,1
세종특별자치시,어진동,678,0,1,0,1
세종특별자치시,어진동,680,1,0,0,1
세종특별자치시,연기면,눌왕리,0,0,1,1
세종특별자치시,연기면,산울리,0,0,1,1
세종특별자치시,연기면,세종리,1,0,0,1
세종특별자치시,연기면,연기리,0,0,1,1
세종특별자치시,연동면,내판리,0,1,1,2
세종특별자치시,연서면,봉암리,0,0,1,1
세종특별자치시,연서면,신대리,0,1,1,2
세종특별자치시,연서면,쌍류리,0,0,1,1
세종특별자치시,연서면,월하리,0,0,1,1
세종특별자치시,장군면,도계리,0,0,1,1
세종특별자치시,장군면,태산리,0,0,1,1
세종특별자치시,장군면,하봉리,0,1,0,1
세종특별자치시,전동면,노장리,0,0,1,1
세종특별자치시,전의면,읍내리,0,1,1,2
세종특별자치시,조치원읍,교리,0,1,1,2
세종특별자치시,조치원읍,명리,0,0,1,1
세종특별자치시,조치원읍,서창리,2,0,0,2
세종특별자치시,조치원읍,신흥리,0,1,1,2
세종특별자치시,조치원읍,침산리,0,0,1,1
세종특별자치시,종촌동,675,0,1,0,1
세종특별자치시,종촌동,678,1,0,0,1
세종특별자치시,종촌동,684,0,0,1,1
세종특별자치시,종촌동,687,0,0,1,1
세종특별자치시,한솔동,952,0,0,1,1
세종특별자치시,한솔동,972,1,0,0,1
세종특별자치시,한솔동,973,0,0,1,1
세종특별자치시,한솔동,975,0,1,0,1
세종특별자치시,한솔동,981,0,0,1,1
세종특별자치시,해밀동,116,1,0,0,1
세종특별자치시,해밀동,329,0,0,1,1
세종특별자치시,해밀동,산12,0,1,0,1
울산광역시,남구,달동,0,2,4,6
울산광역시,남구,두왕동,0,0,1,1
울산광역시,남구,무거동,3,4,5,12
울산광역시,남구,삼산동,1,1,3,5
울산광역시,남구,선암동,1,0,2,3
울산광역시,남구,신정동,6,5,5,16
울산광역시,남구,야음동,2,2,6,10
울산광역시,남구,옥동,2,2,4,8
울산광역시,남구,장생포동,0,0,1,1
울산광역시,동구,동부동,1,0,1,2
울산광역시,동구,방어동,2,1,4,7
울산광역시,동구,서부동,3,3,3,9
울산광역시,동구,일산동,0,2,3,5
울산광역시,동구,전하동,0,0,1,1
울산광역시,동구,주전동,0,0,1,1
울산광역시,동구,화정동,3,3,3,9
울산광역시,북구,달천동,1,1,1,3
울산광역시,북구,매곡동,1,2,2,5
울산광역시,북구,명촌동,0,0,1,1
울산광역시,북구,산하동,2,2,1,5
울산광역시,북구,상안동,0,1,0,1
울산광역시,북구,송정동,0,0,1,1
울산광역시,북구,신천동,0,0,2,2
울산광역시,북구,양정동,0,1,1,2
울산광역시,북구,연암동,1,1,1,3
울산광역시,북구,염포동,0,0,1,1
울산광역시,북구,중산동,1,1,3,5
울산광역시,북구,진장동,0,1,0,1
울산광역시,북구,천곡동,1,1,3,5
울산광역시,북구,호계동,1,1,3,5
울산광역시,북구,화봉동,2,2,2,6
울산광역시,북구,효문동,2,0,0,2
울산광역시,울주군,두동면,0,0,1,1
울산광역시,울주군,두서면,0,1,1,2
울산광역시,울주군,범서읍,3,4,8,15
울산광역시,울주군,삼남면,1,1,3,5
울산광역시,울주군,삼동면,0,0,1,1
울산광역시,울주군,상북면,2,1,2,5
울산광역시,울주군,서생면,0,1,3,4
울산광역시,울주군,언양읍,1,2,4,7
울산광역시,울주군,온산읍,2,1,3,6
울산광역시,울주군,온양읍,1,1,2,4
울산광역시,울주군,웅촌면,2,1,1,4
울산광역시,울주군,청량읍,0,1,3,4
울산광역시,중구,교동,0,0,1,1
울산광역시,중구,남외동,0,1,1,2
울산광역시,중구,다운동,1,1,2,4
울산광역시,중구,반구동,1,1,2,4
울산광역시,중구,복산동,2,1,2,5
울산광역시,중구,서동,0,1,3,4
울산광역시,중구,성안동,1,1,2,4
울산광역시,중구,약사동,2,2,3,7
울산광역시,중구,우정동,0,0,1,1
울산광역시,중구,유곡동,1,0,2,3
울산광역시,중구,태화동,1,3,1,5
울산광역시,중구,학성동,0,0,1,1
인천광역시,강화군,강화읍,3,2,4,9
인천광역시,강화군,교동면,1,1,1,3
인천광역시,강화군,길상면,1,1,1,3
인천광역시,강화군,내가면,1,0,1,2
인천광역시,강화군,불은면,0,0,2,2
인천광역시,강화군,삼산면,0,1,2,3
인천광역시,강화군,서도면,1,1,1,3
인천광역시,강화군,선원면,0,0,1,1
인천광역시,강화군,송해면,0,0,1,1
인천광역시,강화군,양도면,1,1,2,4
인천광역시,강화군,양사면,0,0,1,1
인천광역시,강화군,하점면,0,1,2,3
인천광역시,강화군,화도면,0,1,1,2
인천광역시,계양구,계산동,2,4,7,13
인천광역시,계양구,귤현동,0,1,1,2
인천광역시,계양구,동양동,0,1,1,2
인천광역시,계양구,박촌동,0,0,1,1
인천광역시,계양구,방축동,1,1,0,2
인천광역시,계양구,병방동,1,2,2,5
인천광역시,계양구,상야동,0,0,1,1
인천광역시,계양구,서운동,1,2,1,4
인천광역시,계양구,용종동,2,0,2,4
인천광역시,계양구,작전동,3,1,4,8
인천광역시,계양구,장기동,0,0,1,1
인천광역시,계양구,효성동,1,3,6,10
인천광역시,남동구,간석동,5,4,5,14
인천광역시,남동구,구월동,0,5,8,13
인천광역시,남동구,남촌동,0,0,1,1
인천광역시,남동구,논현동,6,5,10,21
인천광역시,남동구,도림동,0,0,1,1
인천광역시,남동구,만수동,4,6,10,20
인천광역시,남동구,서창동,1,2,4,7
인천광역시,동구,송림동,3,2,4,9
인천광역시,동구,송현동,0,0,1,1
인천광역시,동구,창영동,1,0,2,3
인천광역시,동구,화수동,0,1,1,2
인천광역시,미추홀구,관교동,1,3,2,6
인천광역시,미추홀구,도화동,5,3,3,11
인천광역시,미추홀구,문학동,1,0,1,2
인천광역시,미추홀구,숭의동,0,1,2,3
인천광역시,미추홀구,용현동,1,2,4,7
인천광역시,미추홀구,주안동,2,1,6,9
인천광역시,미추홀구,학익동,4,2,5,11
인천광역시,부평구,갈산동,1,1,3,5
인천광역시,부평구,구산동,0,0,1,1
인천광역시,부평구,부개동,5,5,6,16
인천광역시,부평구,부평동,2,4,7,13
인천광역시,부평구,산곡동,6,3,10,19
인천광역시,부평구,삼산동,3,3,6,12
인천광역시,부평구,십정동,2,4,6,12
인천광역시,부평구,일신동,0,0,1,1
인천광역시,부평구,청천동,0,1,2,3
인천광역시,서구,가정동,1,1,3,5
인천광역시,서구,가좌동,2,4,5,11
인천광역시,서구,검암동,1,2,3,6
인천광역시,서구,경서동,0,0,2,2
인천광역시,서구,공촌동,1,0,1,2
인천광역시,서구,금곡동,0,0,1,1
인천광역시,서구,당하동,2,2,6,10
인천광역시,서구,마전동,2,2,4,8
인천광역시,서구,백석동,2,1,1,4
인천광역시,서구,불로동,0,1,2,3
인천광역시,서구,석남동,1,2,4,7
인천광역시,서구,신현동,1,3,3,7
인천광역시,서구,심곡동,0,0,2,2
인천광역시,서구,연희동,1,1,1,3
인천광역시,서구,오류동,0,0,1,1
인천광역시,서구,왕길동,0,0,1,1
인천광역시,서구,원당동,2,2,4,8
인천광역시,서구,청라동,4,6,8,18
인천광역시,연수구,동춘동,3,3,7,13
인천광역시,연수구,선학동,0,1,1,2
인천광역시,연수구,송도동,6,9,16,31
인천광역시,연수구,연수동,3,3,5,11
인천광역시,연수구,옥련동,3,2,4,9
인천광역시,연수구,청학동,1,2,1,4
인천광역시,옹진군,대청면,1,1,1,3
인천광역시,옹진군,덕적면,1,1,1,3
인천광역시,옹진군,백령면,1,1,2,4
인천광역시,옹진군,북도면,0,0,2,2
인천광역시,옹진군,연평면,1,1,1,3
인천광역시,옹진군,영흥면,1,1,1,3
인천광역시,옹진군,자월면,0,0,2,2
인천광역시,중구,남북동,0,1,1,2
인천광역시,중구,답동,0,1,1,2
인천광역시,중구,도원동,2,1,0,3
인천광역시,중구,북성동1가,1,0,0,1
인천광역시,중구,송학동2가,1,1,1,3
인천광역시,중구,신생동,1,0,0,1
인천광역시,중구,신흥동3가,0,2,2,4
인천광역시,중구,운남동,1,2,2,5
인천광역시,중구,운북동,0,0,1,1
인천광역시,중구,운서동,5,2,3,10
인천광역시,중구,율목동,1,0,0,1
인천광역시,중구,전동,2,0,1,3
인천광역시,중구,중산동,1,1,3,5
인천광역시,중구,항동7가,0,0,1,1
전라남도,강진군,강진읍,2,2,2,6
전라남도,강진군,군동면,0,1,2,3
전라남도,강진군,대구면,0,1,1,2
전라남도,강진군,도암면,0,1,1,2
전라남도,강진군,마량면,0,0,1,1
전라남도,강진군,병영면,1,1,1,3
전라남도,강진군,성전면,1,1,1,3
전라남도,강진군,신전면,0,0,1,1
전라남도,강진군,옴천면,0,0,1,1
전라남도,강진군,작천면,0,1,1,2
전라남도,강진군,칠량면,0,1,1,2
전라남도,고흥군,고흥읍,2,2,1,5
전라남도,고흥군,과역면,0,1,1,2
전라남도,고흥군,금산면,0,1,1,2
전라남도,고흥군,남양면,0,1,1,2
전라남도,고흥군,대서면,0,1,1,2
전라남도,고흥군,도덕면,0,1,1,2
전라남도,고흥군,도양읍,1,1,3,5
전라남도,고흥군,도화면,1,1,1,3
전라남도,고흥군,동강면,0,1,1,2
전라남도,고흥군,동일면,0,1,1,2
전라남도,고흥군,두원면,0,0,1,1
전라남도,고흥군,봉래면,0,1,1,2
전라남도,고흥군,영남면,0,0,1,1
전라남도,고흥군,점암면,0,1,1,2
전라남도,고흥군,포두면,0,1,1,2
전라남도,고흥군,풍양면,0,1,2,3
전라남도,곡성군,고달면,0,0,1,1
전라남도,곡성군,곡성읍,2,1,1,4
전라남도,곡성군,목사동면,1,0,0,1
전라남도,곡성군,삼기면,0,0,1,1
전라남도,곡성군,석곡면,0,1,1,2
전라남도,곡성군,오산면,0,0,1,1
전라남도,곡성군,옥과면,1,1,1,3
전라남도,곡성군,입면,0,0,1,1
전라남도,곡성군,죽곡면,0,0,1,1
전라남도,광양시,광양읍,2,3,8,13
전라남도,광양시,광영동,1,1,2,4
전라남도,광양시,금호동,1,1,2,4
전라남도,광양시,다압면,0,1,1,2
전라남도,광양시,마동,2,2,2,6
전라남도,광양시,봉강면,1,0,1,2
전라남도,광양시,성황동,0,1,1,2
전라남도,광양시,옥곡면,0,1,1,2
전라남도,광양시,옥룡면,0,0,2,2
전라남도,광양시,중동,1,3,5,9
전라남도,광양시,진상면,1,1,1,3
전라남도,광양시,진월면,0,1,1,2
전라남도,광양시,태인동,0,0,1,1
전라남도,광양시,황길동,0,0,1,1
전라남도,구례군,간전면,0,0,1,1
전라남도,구례군,구례읍,2,2,2,6
전라남도,구례군,마산면,0,0,1,1
전라남도,구례군,문척면,0,0,1,1
전라남도,구례군,산동면,0,1,2,3
전라남도,구례군,용방면,0,1,2,3
전라남도,구례군,토지면,0,1,1,2
전라남도,나주시,공산면,0,1,1,2
전라남도,나주시,교동,1,0,0,1
전라남도,나주시,금천면,2,0,1,3
전라남도,나주시,남외동,0,0,1,1
전라남도,나주시,남평읍,1,1,1,3
전라남도,나주시,노안면,0,1,2,3
전라남도,나주시,다도면,0,1,1,2
전라남도,나주시,다시면,0,1,1,2
전라남도,나주시,대호동,2,1,0,3
전라남도,나주시,동강면,0,1,1,2
전라남도,나주시,문평면,0,1,1,2
전라남도,나주시,반남면,0,1,1,2
전라남도,나주시,봉황면,0,1,1,2
전라남도,나주시,빛가람동,2,3,4,9
전라남도,나주시,산포면,0,0,1,1
전라남도,나주시,삼영동,1,1,1,3
전라남도,나주시,성북동,0,0,1,1
전라남도,나주시,세지면,0,1,1,2
전라남도,나주시,영산동,1,0,0,1
전라남도,나주시,왕곡면,0,0,2,2
전라남도,나주시,용산동,1,0,0,1
전라남도,나주시,이창동,0,1,1,2
전라남도,나주시,죽림동,0,1,0,1
전라남도,나주시,청동,1,0,1,2
전라남도,담양군,가사문학면,0,0,1,1
전라남도,담양군,고서면,0,1,1,2
전라남도,담양군,금성면,0,1,1,2
전라남도,담양군,담양읍,2,2,3,7
전라남도,담양군,대덕면,0,0,1,1
전라남도,담양군,대전면,1,1,1,3
전라남도,담양군,무정면,0,0,1,1
전라남도,담양군,봉산면,0,0,1,1
전라남도,담양군,수북면,0,1,1,2
전라남도,담양군,용면,0,0,1,1
전라남도,담양군,월산면,0,0,1,1
전라남도,담양군,창평면,1,1,1,3
전라남도,목포시,경동2가,0,1,0,1
전라남도,목포시,대성동,1,0,1,2
전라남도,목포시,대양동,1,0,0,1
전라남도,목포시,북교동,0,0,1,1
전라남도,목포시,산정동,0,1,4,5
전라남도,목포시,상동,3,4,5,12
전라남도,목포시,서산동,0,0,1,1
전라남도,목포시,석현동,0,0,2,2
전라남도,목포시,양동,1,1,0,2
전라남도,목포시,연산동,0,1,3,4
전라남도,목포시,옥암동,1,3,7,11
전라남도,목포시,용당동,5,1,1,7
전라남도,목포시,용해동,0,1,4,5
전라남도,목포시,유달동,0,0,1,1
전라남도,목포시,죽교동,3,3,1,7
전라남도,목포시,호남동,0,0,2,2
전라남도,무안군,망운면,0,0,1,1
전라남도,무안군,몽탄면,0,1,1,2
전라남도,무안군,무안읍,2,1,1,4
전라남도,무안군,삼향읍,2,2,5,9
전라남도,무안군,운남면,0,1,1,2
전라남도,무안군,일로읍,1,3,4,8
전라남도,무안군,청계면,0,1,3,4
전라남도,무안군,해제면,0,1,2,3
전라남도,무안군,현경면,0,1,2,3
전라남도,보성군,겸백면,0,0,1,1
전라남도,보성군,노동면,0,0,1,1
전라남도,보성군,득량면,1,2,2,5
전라남도,보성군,문덕면,0,0,1,1
전라남도,보성군,미력면,0,1,1,2
전라남도,보성군,벌교읍,3,3,3,9
전라남도,보성군,보성읍,2,2,2,6
전라남도,보성군,복내면,0,1,1,2
전라남도,보성군,율어면,0,0,1,1
전라남도,보성군,조성면,0,1,2,3
전라남도,보성군,회천면,0,1,1,2
전라남도,순천시,가곡동,1,0,0,1
전라남도,순천시,교량동,0,0,1,1
전라남도,순천시,낙안면,0,1,1,2
전라남도,순천시,남정동,0,0,1,1
전라남도,순천시,대룡동,1,0,0,1
전라남도,순천시,덕월동,1,0,0,1
전라남도,순천시,동외동,0,0,1,1
전라남도,순천시,매곡동,2,2,1,5
전라남도,순천시,별량면,0,1,2,3
전라남도,순천시,상사면,0,0,1,1
전라남도,순천시,생목동,0,1,0,1
전라남도,순천시,서면,1,0,1,2
전라남도,순천시,석현동,0,1,2,3
전라남도,순천시,송광면,0,1,1,2
전라남도,순천시,승주읍,0,1,1,2
전라남도,순천시,연향동,0,1,5,6
전라남도,순천시,왕지동,0,1,1,2
전라남도,순천시,외서면,0,0,1,1
전라남도,순천시,용당동,2,0,1,3
전라남도,순천시,월등면,0,1,1,2
전라남도,순천시,인월동,0,0,1,1
전라남도,순천시,인제동,1,0,0,1
전라남도,순천시,저전동,1,0,1,2
전라남도,순천시,조례동,3,1,7,11
전라남도,순천시,주암면,1,2,2,5
전라남도,순천시,풍덕동,0,2,2,4
전라남도,순천시,해룡면,1,6,6,13
전라남도,순천시,황전면,0,0,1,1
전라남도,신안군,도초면,1,0,1,2
전라남도,신안군,비금면,0,1,2,3
전라남도,신안군,신의면,0,1,1,2
전라남도,신안군,안좌면,1,1,1,3
전라남도,신안군,암태면,0,1,1,2
전라남도,신안군,압해읍,1,1,3,5
전라남도,신안군,임자면,1,1,2,4
전라남도,신안군,자은면,0,1,1,2
전라남도,신안군,장산면,0,1,1,2
전라남도,신안군,증도면,0,1,1,2
전라남도,신안군,지도읍,1,1,1,3
전라남도,신안군,팔금면,0,0,1,1
전라남도,신안군,하의면,1,1,1,3
전라남도,신안군,흑산면,0,2,4,6
전라남도,여수시,경호동,0,0,1,1
전라남도,여수시,공화동,0,1,2,3
전라남도,여수시,관문동,1,1,0,2
전라남도,여수시,광무동,0,0,1,1
전라남도,여수시,국동,0,1,2,3
전라남도,여수시,남면,1,1,2,4
전라남도,여수시,남산동,0,0,1,1
전라남도,여수시,덕충동,1,2,0,3
전라남도,여수시,돌산읍,1,2,4,7
전라남도,여수시,동산동,1,1,0,2
전라남도,여수시,만흥동,0,0,1,1
전라남도,여수시,묘도동,0,0,1,1
전라남도,여수시,문수동,1,1,4,6
전라남도,여수시,미평동,1,1,2,4
전라남도,여수시,봉강동,1,1,0,2
전라남도,여수시,봉계동,0,1,1,2
전라남도,여수시,봉산동,0,0,1,1
전라남도,여수시,삼산면,0,1,1,2
전라남도,여수시,상암동,0,0,1,1
전라남도,여수시,서교동,0,0,1,1
전라남도,여수시,선원동,1,2,1,4
전라남도,여수시,소라면,1,2,5,8
전라남도,여수시,소호동,0,0,2,2
전라남도,여수시,수정동,1,0,0,1
전라남도,여수시,신기동,0,0,2,2
전라남도,여수시,신월동,0,0,1,1
전라남도,여수시,안산동,1,1,0,2
전라남도,여수시,여서동,1,0,1,2
전라남도,여수시,웅천동,0,1,3,4
전라남도,여수시,율촌면,0,1,2,3
전라남도,여수시,종화동,0,0,1,1
전라남도,여수시,주삼동,0,0,1,1
전라남도,여수시,학동,0,0,1,1
전라남도,여수시,화양면,1,2,3,6
전라남도,여수시,화장동,1,1,2,4
전라남도,여수시,화정면,0,1,2,3
전라남도,영광군,군남면,0,1,1,2
전라남도,영광군,군서면,0,1,1,2
전라남도,영광군,낙월면,0,0,1,1
전라남도,영광군,대마면,0,1,1,2
전라남도,영광군,묘량면,0,0,1,1
전라남도,영광군,백수읍,1,1,2,4
전라남도,영광군,법성면,1,1,1,3
전라남도,영광군,불갑면,0,0,1,1
전라남도,영광군,염산면,1,1,1,3
전라남도,영광군,영광읍,3,3,2,8
전라남도,영광군,홍농읍,0,1,2,3
전라남도,영암군,군서면,1,1,1,3
전라남도,영암군,금정면,0,1,1,2
전라남도,영암군,덕진면,0,0,1,1
전라남도,영암군,도포면,0,1,1,2
전라남도,영암군,미암면,0,0,1,1
전라남도,영암군,삼호읍,1,2,5,8
전라남도,영암군,서호면,0,1,1,2
전라남도,영암군,시종면,0,1,1,2
전라남도,영암군,신북면,1,1,1,3
전라남도,영암군,영암읍,2,2,1,5
전라남도,영암군,학산면,1,1,2,4
전라남도,완도군,고금면,1,1,1,3
전라남도,완도군,군외면,0,1,1,2
전라남도,완도군,금당면,0,1,1,2
전라남도,완도군,금일읍,1,1,2,4
전라남도,완도군,노화읍,1,2,5,8
전라남도,완도군,보길면,0,1,2,3
전라남도,완도군,생일면,0,1,1,2
전라남도,완도군,소안면,0,1,1,2
전라남도,완도군,신지면,0,1,2,3
전라남도,완도군,약산면,1,1,1,3
전라남도,완도군,완도읍,2,2,4,8
전라남도,완도군,청산면,0,1,2,3
전라남도,장성군,남면,0,1,1,2
전라남도,장성군,동화면,0,0,1,1
전라남도,장성군,북이면,0,1,1,2
전라남도,장성군,북일면,0,0,1,1
전라남도,장성군,북하면,0,0,1,1
전라남도,장성군,삼계면,1,1,1,3
전라남도,장성군,삼서면,0,1,1,2
전라남도,장성군,서삼면,0,0,1,1
전라남도,장성군,장성읍,3,2,2,7
전라남도,장성군,진원면,0,0,2,2
전라남도,장성군,황룡면,0,1,1,2
전라남도,장흥군,관산읍,1,1,2,4
전라남도,장흥군,대덕읍,1,1,1,3
전라남도,장흥군,부산면,0,0,1,1
전라남도,장흥군,안양면,0,1,1,2
전라남도,장흥군,용산면,0,1,1,2
전라남도,장흥군,유치면,0,1,1,2
전라남도,장흥군,장동면,0,0,1,1
전라남도,장흥군,장평면,0,1,1,2
전라남도,장흥군,장흥읍,2,2,3,7
전라남도,장흥군,회진면,0,1,2,3
전라남도,진도군,고군면,0,1,2,3
전라남도,진도군,군내면,0,1,2,3
전라남도,진도군,의신면,0,1,3,4
전라남도,진도군,임회면,1,1,1,3
전라남도,진도군,조도면,1,1,3,5
전라남도,진도군,지산면,0,1,1,2
전라남도,진도군,진도읍,2,1,2,5
전라남도,함평군,나산면,0,1,1,2
전라남도,함평군,대동면,0,0,1,1
전라남도,함평군,손불면,0,1,2,3
전라남도,함평군,신광면,0,1,1,2
전라남도,함평군,엄다면,0,0,1,1
전라남도,함평군,월야면,1,1,1,3
전라남도,함평군,학교면,1,0,1,2
전라남도,함평군,함평읍,2,2,2,6
전라남도,함평군,해보면,0,1,1,2
전라남도,해남군,계곡면,0,0,1,1
전라남도,해남군,마산면,0,0,2,2
전라남도,해남군,문내면,0,1,1,2
전라남도,해남군,북일면,0,1,1,2
전라남도,해남군,북평면,0,1,1,2
전라남도,해남군,산이면,0,1,2,3
전라남도,해남군,삼산면,0,0,1,1
전라남도,해남군,송지면,1,1,4,6
전라남도,해남군,옥천면,0,0,1,1
전라남도,해남군,해남읍,2,2,2,6
전라남도,해남군,현산면,0,1,2,3
전라남도,해남군,화산면,0,1,1,2
전라남도,해남군,화원면,1,1,1,3
전라남도,해남군,황산면,0,1,1,2
전라남도,화순군,능주면,1,1,1,3
전라남도,화순군,도곡면,0,1,2,3
전라남도,화순군,도암면,0,1,1,2
전라남도,화순군,동면,0,1,1,2
전라남도,화순군,동복면,0,1,1,2
전라남도,화순군,백아면,0,1,0,1
전라남도,화순군,북면,0,0,1,1
전라남도,화순군,사평면,0,1,1,2
전라남도,화순군,이서면,0,0,1,1
전라남도,화순군,이양면,1,1,1,3
전라남도,화순군,청풍면,0,0,1,1
전라남도,화순군,춘양면,0,0,1,1
전라남도,화순군,한천면,0,0,1,1
전라남도,화순군,화순읍,2,2,4,8
전라북도,고창군,고수면,0,0,1,1
전라북도,고창군,고창읍,3,2,2,7
전라북도,고창군,공음면,0,1,1,2
전라북도,고창군,대산면,0,1,2,3
전라북도,고창군,무장면,1,1,1,3
전라북도,고창군,부안면,0,1,2,3
전라북도,고창군,상하면,0,1,1,2
전라북도,고창군,성내면,0,1,1,2
전라북도,고창군,성송면,0,1,1,2
전라북도,고창군,신림면,0,1,2,3
전라북도,고창군,심원면,0,1,1,2
전라북도,고창군,아산면,0,1,2,3
전라북도,고창군,해리면,1,1,2,4
전라북도,고창군,흥덕면,1,1,1,3
전라북도,군산시,개정동,1,0,0,1
전라북도,군산시,개정면,0,0,2,2
전라북도,군산시,경암동,0,0,1,1
전라북도,군산시,금광동,0,0,1,1
전라북도,군산시,금동,0,1,1,2
전라북도,군산시,나운동,0,1,5,6
전라북도,군산시,나포면,0,1,1,2
전라북도,군산시,내흥동,0,0,1,1
전라북도,군산시,대야면,1,1,2,4
전라북도,군산시,동흥남동,1,0,1,2
전라북도,군산시,문화동,2,1,2,5
전라북도,군산시,미룡동,0,1,2,3
전라북도,군산시,미원동,0,0,1,1
전라북도,군산시,미장동,0,0,1,1
전라북도,군산시,산북동,0,1,4,5
전라북도,군산시,서수면,0,1,1,2
전라북도,군산시,서흥남동,0,1,0,1
전라북도,군산시,성산면,1,1,2,4
전라북도,군산시,소룡동,1,1,1,3
전라북도,군산시,송풍동,0,1,0,1
전라북도,군산시,수송동,1,1,4,6
전라북도,군산시,오식도동,0,0,1,1
전라북도,군산시,옥구읍,0,1,1,2
전라북도,군산시,옥도면,0,1,1,2
전라북도,군산시,옥산면,0,0,2,2
전라북도,군산시,옥서면,0,0,1,1
전라북도,군산시,월명동,1,0,0,1
전라북도,군산시,임피면,0,1,2,3
전라북도,군산시,장재동,0,0,1,1
전라북도,군산시,조촌동,1,1,3,5
전라북도,군산시,중앙로2가,1,0,1,2
전라북도,군산시,지곡동,1,1,2,4
전라북도,군산시,회현면,0,1,2,3
전라북도,김제시,검산동,0,0,1,1
전라북도,김제시,공덕면,0,0,2,2
전라북도,김제시,광활면,0,0,1,1
전라북도,김제시,금구면,0,1,2,3
전라북도,김제시,금산면,1,1,2,4
전라북도,김제시,만경읍,2,2,1,5
전라북도,김제시,백구면,0,0,4,4
전라북도,김제시,백산면,0,0,1,1
전라북도,김제시,봉남면,0,1,2,3
전라북도,김제시,부량면,0,0,1,1
전라북도,김제시,서암동,2,1,0,3
전라북도,김제시,성덕면,1,1,1,3
전라북도,김제시,순동,0,0,1,1
전라북도,김제시,신풍동,2,2,1,5
전라북도,김제시,옥산동,0,1,0,1
전라북도,김제시,요촌동,1,1,2,4
전라북도,김제시,용지면,0,1,3,4
전라북도,김제시,월성동,0,0,1,1
전라북도,김제시,입석동,0,0,1,1
전라북도,김제시,죽산면,1,0,1,2
전라북도,김제시,진봉면,0,0,1,1
전라북도,김제시,청하면,0,1,1,2
전라북도,김제시,황산면,0,0,2,2
전라북도,김제시,흥사동,0,0,1,1
전라북도,남원시,금동,0,0,1,1
전라북도,남원시,금지면,0,1,2,3
전라북도,남원시,노암동,1,0,1,2
전라북도,남원시,대강면,0,1,1,2
전라북도,남원시,대산면,0,0,2,2
전라북도,남원시,덕과면,0,1,1,2
전라북도,남원시,도통동,1,1,2,4
전라북도,남원시,동충동,0,0,1,1
전라북도,남원시,보절면,0,0,1,1
전라북도,남원시,사매면,0,1,1,2
전라북도,남원시,산내면,0,1,1,2
전라북도,남원시,산동면,0,0,1,1
전라북도,남원시,송동면,0,1,1,2
전라북도,남원시,수지면,0,0,1,1
전라북도,남원시,아영면,0,1,1,2
전라북도,남원시,왕정동,2,0,0,2
전라북도,남원시,용정동,0,0,1,1
전라북도,남원시,운봉읍,1,1,1,3
전라북도,남원시,월락동,2,1,1,4
전라북도,남원시,이백면,0,0,2,2
전라북도,남원시,인월면,1,1,1,3
전라북도,남원시,주생면,0,0,1,1
전라북도,남원시,주천면,0,0,1,1
전라북도,남원시,하정동,0,1,0,1
전라북도,남원시,향교동,1,1,1,3
전라북도,무주군,무주읍,1,1,2,4
전라북도,무주군,무풍면,1,1,1,3
전라북도,무주군,부남면,0,1,2,3
전라북도,무주군,설천면,1,1,2,4
전라북도,무주군,안성면,2,1,1,4
전라북도,무주군,적상면,0,1,2,3
전라북도,부안군,계화면,0,1,1,2
전라북도,부안군,동진면,0,0,2,2
전라북도,부안군,백산면,1,1,2,4
전라북도,부안군,변산면,0,1,2,3
전라북도,부안군,보안면,0,1,1,2
전라북도,부안군,부안읍,3,3,3,9
전라북도,부안군,상서면,0,1,2,3
전라북도,부안군,위도면,1,1,1,3
전라북도,부안군,주산면,0,0,1,1
전라북도,부안군,줄포면,1,1,1,3
전라북도,부안군,진서면,0,1,1,2
전라북도,부안군,하서면,0,1,1,2
전라북도,부안군,행안면,1,0,1,2
전라북도,순창군,구림면,0,1,1,2
전라북도,순창군,금과면,0,0,1,1
전라북도,순창군,동계면,1,1,1,3
전라북도,순창군,복흥면,0,1,2,3
전라북도,순창군,순창읍,2,3,3,8
전라북도,순창군,쌍치면,0,1,2,3
전라북도,순창군,유등면,0,0,1,1
전라북도,순창군,인계면,0,0,1,1
전라북도,순창군,적성면,0,0,1,1
전라북도,순창군,팔덕면,0,0,1,1
전라북도,순창군,풍산면,0,0,1,1
전라북도,완주군,경천면,0,0,1,1
전라북도,완주군,고산면,1,1,3,5
전라북도,완주군,구이면,1,2,4,7
전라북도,완주군,동상면,0,0,1,1
전라북도,완주군,봉동읍,1,2,5,8
전라북도,완주군,비봉면,0,0,1,1
전라북도,완주군,삼례읍,2,1,3,6
전라북도,완주군,상관면,0,1,2,3
전라북도,완주군,소양면,1,2,4,7
전라북도,완주군,용진읍,0,1,2,3
전라북도,완주군,운주면,1,1,1,3
전라북도,완주군,이서면,0,1,2,3
전라북도,완주군,화산면,1,1,1,3
전라북도,익산시,갈산동,0,0,1,1
전라북도,익산시,금강동,0,0,1,1
전라북도,익산시,금마면,2,1,2,5
전라북도,익산시,남중동,4,0,3,7
전라북도,익산시,낭산면,0,0,2,2
전라북도,익산시,동산동,0,1,3,4
전라북도,익산시,마동,0,1,1,2
전라북도,익산시,망성면,0,0,2,2
전라북도,익산시,모현동1가,2,2,2,6
전라북도,익산시,모현동2가,0,0,1,1
전라북도,익산시,목천동,0,0,1,1
전라북도,익산시,부송동,1,2,4,7
전라북도,익산시,삼기면,0,1,2,3
전라북도,익산시,석암동,0,0,1,1
전라북도,익산시,성당면,0,1,1,2
전라북도,익산시,송학동,0,0,1,1
전라북도,익산시,신동,1,2,2,5
전라북도,익산시,신용동,0,0,1,1
전라북도,익산시,어양동,0,3,2,5
전라북도,익산시,여산면,1,1,1,3
전라북도,익산시,영등동,1,1,5,7
전라북도,익산시,오산면,0,0,3,3
전라북도,익산시,왕궁면,0,1,3,4
전라북도,익산시,용동면,0,0,1,1
전라북도,익산시,용안면,0,1,3,4
전라북도,익산시,웅포면,0,1,1,2
전라북도,익산시,인화동1가,1,1,0,2
전라북도,익산시,임상동,0,0,1,1
전라북도,익산시,춘포면,0,0,2,2
전라북도,익산시,팔봉동,0,0,1,1
전라북도,익산시,평화동,1,1,0,2
전라북도,익산시,함라면,0,1,1,2
전라북도,익산시,함열읍,2,2,2,6
전라북도,익산시,황등면,2,2,3,7
전라북도,임실군,강진면,1,1,1,3
전라북도,임실군,관촌면,0,1,1,2
전라북도,임실군,덕치면,0,0,1,1
전라북도,임실군,삼계면,0,1,1,2
전라북도,임실군,성수면,0,1,1,2
전라북도,임실군,신평면,0,0,2,2
전라북도,임실군,오수면,1,1,1,3
전라북도,임실군,운암면,0,0,2,2
전라북도,임실군,임실읍,1,1,2,4
전라북도,임실군,지사면,0,1,1,2
전라북도,임실군,청웅면,0,1,1,2
전라북도,장수군,계남면,0,1,1,2
전라북도,장수군,계북면,0,1,1,2
전라북도,장수군,번암면,0,1,2,3
전라북도,장수군,산서면,1,1,1,3
전라북도,장수군,장계면,3,1,1,5
전라북도,장수군,장수읍,1,1,2,4
전라북도,장수군,천천면,1,1,1,3
전라북도,전주시 덕진구,고랑동,1,0,0,1
전라북도,전주시 덕진구,금암동,1,0,1,2
전라북도,전주시 덕진구,덕진동1가,0,0,1,1
전라북도,전주시 덕진구,덕진동2가,0,2,2,4
전라북도,전주시 덕진구,동산동,1,1,1,3
전라북도,전주시 덕진구,만성동,0,1,1,2
전라북도,전주시 덕진구,반월동,0,0,1,1
전라북도,전주시 덕진구,송천동1가,2,3,4,9
전라북도,전주시 덕진구,송천동2가,0,3,4,7
전라북도,전주시 덕진구,여의동,1,0,1,2
전라북도,전주시 덕진구,용정동,0,0,1,1
전라북도,전주시 덕진구,우아동1가,0,0,1,1
전라북도,전주시 덕진구,우아동2가,0,1,0,1
전라북도,전주시 덕진구,우아동3가,0,2,1,3
전라북도,전주시 덕진구,원동,0,0,1,1
전라북도,전주시 덕진구,인후동1가,2,1,5,8
전라북도,전주시 덕진구,인후동2가,2,2,2,6
전라북도,전주시 덕진구,장동,1,1,2,4
전라북도,전주시 덕진구,전미동2가,0,0,1,1
전라북도,전주시 덕진구,중동,0,1,1,2
전라북도,전주시 덕진구,진북동,0,2,2,4
전라북도,전주시 덕진구,호성동1가,0,1,2,3
전라북도,전주시 덕진구,호성동2가,0,0,1,1
전라북도,전주시 완산구,교동,1,1,0,2
전라북도,전주시 완산구,남노송동,1,0,1,2
전라북도,전주시 완산구,대성동,0,0,1,1
전라북도,전주시 완산구,동완산동,0,1,1,2
전라북도,전주시 완산구,삼천동1가,0,2,4,6
전라북도,전주시 완산구,삼천동2가,1,1,0,2
전라북도,전주시 완산구,삼천동3가,1,0,0,1
전라북도,전주시 완산구,서서학동,0,0,2,2
전라북도,전주시 완산구,서신동,1,2,5,8
전라북도,전주시 완산구,서완산동1가,0,1,0,1
전라북도,전주시 완산구,중노송동,1,1,1,3
전라북도,전주시 완산구,중인동,1,0,1,2
전라북도,전주시 완산구,중화산동1가,1,1,0,2
전라북도,전주시 완산구,중화산동2가,2,1,3,6
전라북도,전주시 완산구,태평동,0,0,1,1
전라북도,전주시 완산구,평화동1가,1,2,1,4
전라북도,전주시 완산구,평화동2가,0,2,4,6
전라북도,전주시 완산구,평화동3가,0,0,1,1
전라북도,전주시 완산구,풍남동3가,0,0,1,1
전라북도,전주시 완산구,효자동1가,1,2,5,8
전라북도,전주시 완산구,효자동2가,1,2,4,7
전라북도,전주시 완산구,효자동3가,5,2,3,10
전라북도,정읍시,감곡면,0,1,1,2
전라북도,정읍시,고부면,0,1,1,2
전라북도,정읍시,공평동,0,1,0,1
전라북도,정읍시,교암동,0,0,1,1
전라북도,정읍시,금붕동,1,0,1,2
전라북도,정읍시,농소동,0,0,1,1
전라북도,정읍시,덕천면,0,0,2,2
전라북도,정읍시,북면,0,0,2,2
전라북도,정읍시,산내면,0,1,1,2
전라북도,정읍시,산외면,0,1,1,2
전라북도,정읍시,상동,2,1,2,5
전라북도,정읍시,상평동,0,0,1,1
전라북도,정읍시,소성면,0,1,1,2
전라북도,정읍시,수성동,2,0,2,4
전라북도,정읍시,시기동,2,2,1,5
전라북도,정읍시,신태인읍,3,2,1,6
전라북도,정읍시,연지동,0,0,1,1
전라북도,정읍시,영원면,0,0,1,1
전라북도,정읍시,옹동면,0,0,1,1
전라북도,정읍시,용계동,0,0,1,1
전라북도,정읍시,이평면,0,1,1,2
전라북도,정읍시,입암면,0,1,2,3
전라북도,정읍시,장명동,0,1,1,2
전라북도,정읍시,정우면,0,1,2,3
전라북도,정읍시,칠보면,1,1,2,4
전라북도,정읍시,태인면,1,2,2,5
전라북도,정읍시,하북동,0,0,1,1
전라북도,정읍시,흑암동,1,1,0,2
전라북도,진안군,동향면,0,1,1,2
전라북도,진안군,마령면,1,1,1,3
전라북도,진안군,백운면,0,1,1,2
전라북도,진안군,부귀면,0,1,2,3
전라북도,진안군,성수면,0,1,1,2
전라북도,진안군,안천면,1,1,1,3
전라북도,진안군,용담면,0,1,1,2
전라북도,진안군,정천면,0,0,1,1
전라북도,진안군,주천면,0,1,1,2
전라북도,진안군,진안읍,3,2,3,8
제주특별자치도,서귀포시,강정동,0,1,1,2
제주특별자치도,서귀포시,남원읍,0,2,7,9
제주특별자치도,서귀포시,대정읍,6,4,6,16
제주특별자치도,서귀포시,대포동,1,0,0,1
제주특별자치도,서귀포시,도순동,0,0,1,1
제주특별자치도,서귀포시,동홍동,2,2,1,5
제주특별자치도,서귀포시,법환동,0,0,1,1
제주특별자치도,서귀포시,보목동,0,0,1,1
제주특별자치도,서귀포시,상예동,0,0,1,1
제주특별자치도,서귀포시,상효동,1,0,0,1
제주특별자치도,서귀포시,서귀동,0,1,2,3
제주특별자치도,서귀포시,서호동,0,0,1,1
제주특별자치도,서귀포시,서홍동,0,1,2,3
제주특별자치도,서귀포시,성산읍,1,2,7,10
제주특별자치도,서귀포시,신효동,0,0,1,1
제주특별자치도,서귀포시,안덕면,0,1,5,6
제주특별자치도,서귀포시,중문동,0,1,1,2
제주특별자치도,서귀포시,토평동,1,0,1,2
제주특별자치도,서귀포시,표선면,1,1,5,7
제주특별자치도,서귀포시,하원동,0,0,1,1
제주특별자치도,서귀포시,하효동,0,1,0,1
제주특별자치도,서귀포시,호근동,1,0,1,2
제주특별자치도,제주시,건입동,1,0,1,2
제주특별자치도,제주시,구좌읍,1,2,9,12
제주특별자치도,제주시,노형동,2,2,4,8
제주특별자치도,제주시,도남동,0,0,1,1
제주특별자치도,제주시,도두일동,0,0,1,1
제주특별자치도,제주시,도련일동,0,1,1,2
제주특별자치도,제주시,도평동,0,0,1,1
제주특별자치도,제주시,봉개동,1,0,1,2
제주특별자치도,제주시,삼도이동,0,1,2,3
제주특별자치도,제주시,삼도일동,0,0,1,1
제주특별자치도,제주시,삼양이동,0,0,1,1
제주특별자치도,제주시,아라이동,0,2,0,2
제주특별자치도,제주시,아라일동,1,1,1,3
제주특별자치도,제주시,애월읍,2,3,11,16
제주특별자치도,제주시,연동,1,2,2,5
제주특별자치도,제주시,영평동,1,1,1,3
제주특별자치도,제주시,오라이동,1,0,1,2
제주특별자치도,제주시,외도이동,0,0,1,1
제주특별자치도,제주시,용담삼동,1,1,0,2
제주특별자치도,제주시,용담이동,0,0,1,1
제주특별자치도,제주시,용담일동,0,1,1,2
제주특별자치도,제주시,우도면,0,1,1,2
제주특별자치도,제주시,월평동,2,0,0,2
제주특별자치도,제주시,이도이동,1,2,2,5
제주특별자치도,제주시,이도일동,0,0,2,2
제주특별자치도,제주시,일도이동,0,0,3,3
제주특별자치도,제주시,조천읍,1,2,8,11
제주특별자치도,제주시,추자면,0,1,2,3
제주특별자치도,제주시,한경면,1,3,3,7
제주특별자치도,제주시,한림읍,2,2,5,9
제주특별자치도,제주시,해안동,0,0,1,1
제주특별자치도,제주시,화북일동,1,2,4,7
충청남도,계룡시,금암동,0,1,1,2
충청남도,계룡시,두마면,1,0,2,3
충청남도,계룡시,신도안면,1,1,1,3
충청남도,계룡시,엄사면,0,1,2,3
충청남도,공주시,계룡면,0,1,2,3
충청남도,공주시,교동,0,1,1,2
충청남도,공주시,금성동,0,1,0,1
충청남도,공주시,금학동,1,0,1,2
충청남도,공주시,금흥동,1,0,0,1
충청남도,공주시,반죽동,1,2,0,3
충청남도,공주시,반포면,1,1,2,4
충청남도,공주시,봉황동,0,0,1,1
충청남도,공주시,사곡면,0,1,2,3
충청남도,공주시,신관동,1,1,2,4
충청남도,공주시,신기동,0,0,1,1
충청남도,공주시,신풍면,0,0,1,1
충청남도,공주시,우성면,0,1,3,4
충청남도,공주시,웅진동,1,0,0,1
충청남도,공주시,유구읍,1,1,3,5
충청남도,공주시,의당면,0,0,2,2
충청남도,공주시,이인면,0,1,1,2
충청남도,공주시,정안면,1,1,2,4
충청남도,공주시,중동,1,1,1,3
충청남도,공주시,중학동,1,0,1,2
충청남도,공주시,탄천면,0,1,1,2
충청남도,공주시,태봉동,0,0,1,1
충청남도,금산군,군북면,0,0,3,3
충청남도,금산군,금산읍,3,3,3,9
충청남도,금산군,금성면,0,0,2,2
충청남도,금산군,남이면,0,0,1,1
충청남도,금산군,남일면,0,0,1,1
충청남도,금산군,복수면,0,1,2,3
충청남도,금산군,부리면,0,1,1,2
충청남도,금산군,제원면,0,1,1,2
충청남도,금산군,진산면,1,1,1,3
충청남도,금산군,추부면,0,1,2,3
충청남도,논산시,가야곡면,0,1,1,2
충청남도,논산시,강경읍,2,2,3,7
충청남도,논산시,강산동,1,0,0,1
충청남도,논산시,관촉동,1,1,0,2
충청남도,논산시,광석면,0,1,2,3
충청남도,논산시,내동,1,0,2,3
충청남도,논산시,노성면,0,1,1,2
충청남도,논산시,등화동,1,1,0,2
충청남도,논산시,반월동,0,0,1,1
충청남도,논산시,벌곡면,0,0,2,2
충청남도,논산시,부적면,0,0,2,2
충청남도,논산시,부창동,2,2,1,5
충청남도,논산시,상월면,0,0,1,1
충청남도,논산시,성동면,0,0,2,2
충청남도,논산시,양촌면,1,1,2,4
충청남도,논산시,연무읍,2,2,3,7
충청남도,논산시,연산면,1,1,3,5
충청남도,논산시,은진면,0,0,2,2
충청남도,논산시,채운면,0,0,2,2
충청남도,논산시,취암동,1,1,1,3
충청남도,당진시,고대면,0,1,2,3
충청남도,당진시,대덕동,0,0,1,1
충청남도,당진시,대호지면,0,1,1,2
충청남도,당진시,면천면,0,1,1,2
충청남도,당진시,사기소동,0,0,1,1
충청남도,당진시,석문면,0,1,4,5
충청남도,당진시,송산면,0,1,3,4
충청남도,당진시,송악읍,1,1,3,5
충청남도,당진시,수청동,0,1,2,3
충청남도,당진시,순성면,0,1,2,3
충청남도,당진시,신평면,1,1,4,6
충청남도,당진시,우강면,0,0,1,1
충청남도,당진시,원당동,1,2,1,4
충청남도,당진시,읍내동,0,0,2,2
충청남도,당진시,정미면,0,0,2,2
충청남도,당진시,채운동,2,1,1,4
충청남도,당진시,합덕읍,3,3,3,9
충청남도,보령시,남포면,0,1,2,3
충청남도,보령시,내항동,1,0,0,1
충청남도,보령시,대천동,1,1,3,5
충청남도,보령시,동대동,0,1,1,2
충청남도,보령시,명천동,0,2,2,4
충청남도,보령시,미산면,0,1,1,2
충청남도,보령시,성주면,0,0,2,2
충청남도,보령시,신흑동,1,1,2,4
충청남도,보령시,오천면,0,0,5,5
충청남도,보령시,웅천읍,1,1,3,5
충청남도,보령시,주교면,0,0,2,2
충청남도,보령시,주산면,1,0,1,2
충청남도,보령시,주포면,0,1,1,2
충청남도,보령시,죽정동,1,0,0,1
충청남도,보령시,천북면,0,1,1,2
충청남도,보령시,청라면,0,1,3,4
충청남도,보령시,청소면,0,0,1,1
충청남도,부여군,구룡면,0,1,2,3
충청남도,부여군,규암면,1,1,3,5
충청남도,부여군,내산면,0,0,1,1
충청남도,부여군,부여읍,2,2,5,9
충청남도,부여군,석성면,0,1,1,2
충청남도,부여군,세도면,0,1,1,2
충청남도,부여군,양화면,0,0,1,1
충청남도,부여군,옥산면,0,0,1,1
충청남도,부여군,외산면,0,1,1,2
충청남도,부여군,은산면,0,1,1,2
충청남도,부여군,임천면,1,1,1,3
충청남도,부여군,장암면,0,0,1,1
충청남도,부여군,초촌면,0,0,1,1
충청남도,부여군,충화면,0,0,1,1
충청남도,부여군,홍산면,1,1,1,3
충청남도,서산시,고북면,0,1,1,2
충청남도,서산시,대산읍,1,2,3,6
충청남도,서산시,동문동,2,1,3,6
충청남도,서산시,부석면,1,1,4,6
충청남도,서산시,석남동,0,1,1,2
충청남도,서산시,석림동,1,2,1,4
충청남도,서산시,성연면,0,1,1,2
충청남도,서산시,예천동,0,0,2,2
충청남도,서산시,오남동,0,0,1,1
충청남도,서산시,운산면,1,1,2,4
충청남도,서산시,음암면,0,1,2,3
충청남도,서산시,읍내동,0,1,2,3
충청남도,서산시,인지면,0,1,2,3
충청남도,서산시,죽성동,0,0,1,1
충청남도,서산시,지곡면,1,1,1,3
충청남도,서산시,팔봉면,0,1,1,2
충청남도,서산시,해미면,1,1,2,4
충청남도,서천군,기산면,0,1,1,2
충청남도,서천군,마산면,0,0,1,1
충청남도,서천군,마서면,0,0,2,2
충청남도,서천군,비인면,0,1,1,2
충청남도,서천군,서면,0,1,2,3
충청남도,서천군,서천읍,4,3,1,8
충청남도,서천군,시초면,0,0,1,1
충청남도,서천군,장항읍,2,1,3,6
충청남도,서천군,종천면,0,0,1,1
충청남도,서천군,판교면,0,1,1,2
충청남도,서천군,한산면,1,1,1,3
충청남도,서천군,화양면,0,0,1,1
충청남도,아산시,권곡동,1,1,2,4
충청남도,아산시,도고면,0,1,2,3
충청남도,아산시,둔포면,1,3,4,8
충청남도,아산시,모종동,0,1,2,3
충청남도,아산시,배미동,0,0,1,1
충청남도,아산시,배방읍,3,4,9,16
충청남도,아산시,선장면,0,1,1,2
충청남도,아산시,송악면,0,1,2,3
충청남도,아산시,신창면,0,1,3,4
충청남도,아산시,실옥동,1,1,2,4
충청남도,아산시,염치읍,0,0,2,2
충청남도,아산시,영인면,0,1,2,3
충청남도,아산시,온천동,1,1,2,4
충청남도,아산시,용화동,1,2,2,5
충청남도,아산시,음봉면,0,1,4,5
충청남도,아산시,읍내동,0,0,1,1
충청남도,아산시,인주면,0,1,2,3
충청남도,아산시,초사동,0,0,1,1
충청남도,아산시,탕정면,2,3,5,10
충청남도,아산시,풍기동,1,1,1,3
충청남도,예산군,고덕면,0,1,3,4
충청남도,예산군,광시면,0,1,1,2
충청남도,예산군,대술면,0,1,1,2
충청남도,예산군,대흥면,1,1,1,3
충청남도,예산군,덕산면,0,0,3,3
충청남도,예산군,봉산면,1,0,1,2
충청남도,예산군,삽교읍,1,2,3,6
충청남도,예산군,신암면,0,1,2,3
충청남도,예산군,신양면,0,1,1,2
충청남도,예산군,예산읍,4,2,4,10
충청남도,예산군,오가면,0,1,2,3
충청남도,예산군,응봉면,0,0,2,2
충청남도,천안시 동남구,광덕면,0,0,3,3
충청남도,천안시 동남구,구성동,0,0,1,1
충청남도,천안시 동남구,다가동,0,0,1,1
충청남도,천안시 동남구,동면,0,0,1,1
충청남도,천안시 동남구,목천읍,1,1,5,7
충청남도,천안시 동남구,병천면,1,1,1,3
충청남도,천안시 동남구,봉명동,2,2,2,6
충청남도,천안시 동남구,북면,0,0,2,2
충청남도,천안시 동남구,삼룡동,1,1,1,3
충청남도,천안시 동남구,성남면,0,1,2,3
충청남도,천안시 동남구,성황동,1,2,1,4
충청남도,천안시 동남구,수신면,0,0,1,1
충청남도,천안시 동남구,신방동,0,2,3,5
충청남도,천안시 동남구,신부동,3,0,3,6
충청남도,천안시 동남구,안서동,0,0,1,1
충청남도,천안시 동남구,용곡동,0,1,3,4
충청남도,천안시 동남구,원성동,2,2,1,5
충청남도,천안시 동남구,유량동,0,1,0,1
충청남도,천안시 동남구,청당동,0,1,3,4
충청남도,천안시 동남구,청수동,1,0,1,2
충청남도,천안시 동남구,풍세면,0,1,3,4
충청남도,천안시 서북구,두정동,1,3,4,8
충청남도,천안시 서북구,백석동,0,2,3,5
충청남도,천안시 서북구,부대동,0,1,1,2
충청남도,천안시 서북구,불당동,2,3,5,10
충청남도,천안시 서북구,성거읍,1,0,2,3
충청남도,천안시 서북구,성성동,1,1,2,4
충청남도,천안시 서북구,성정동,0,1,2,3
충청남도,천안시 서북구,성환읍,1,2,6,9
충청남도,천안시 서북구,신당동,2,0,0,2
충청남도,천안시 서북구,쌍용동,1,2,6,9
충청남도,천안시 서북구,업성동,1,0,1,2
충청남도,천안시 서북구,와촌동,0,0,1,1
충청남도,천안시 서북구,입장면,0,1,2,3
충청남도,천안시 서북구,직산읍,0,0,3,3
충청남도,천안시 서북구,차암동,0,0,1,1
충청남도,청양군,남양면,0,1,1,2
충청남도,청양군,대치면,0,0,1,1
충청남도,청양군,목면,0,0,1,1
충청남도,청양군,비봉면,0,0,1,1
충청남도,청양군,운곡면,0,0,1,1
충청남도,청양군,장평면,0,0,1,1
충청남도,청양군,정산면,1,1,1,3
충청남도,청양군,청남면,0,0,1,1
충청남도,청양군,청양읍,1,2,2,5
충청남도,청양군,화성면,0,0,1,1
충청남도,태안군,고남면,0,0,1,1
충청남도,태안군,근흥면,0,1,3,4
충청남도,태안군,남면,0,1,2,3
충청남도,태안군,소원면,1,1,3,5
충청남도,태안군,안면읍,1,1,4,6
충청남도,태안군,원북면,0,1,2,3
충청남도,태안군,이원면,0,0,2,2
충청남도,태안군,태안읍,2,2,4,8
충청남도,홍성군,갈산면,1,1,1,3
충청남도,홍성군,결성면,1,0,1,2
충청남도,홍성군,광천읍,3,2,2,7
충청남도,홍성군,구항면,0,0,2,2
충청남도,홍성군,금마면,0,1,2,3
충청남도,홍성군,서부면,0,1,2,3
충청남도,홍성군,은하면,0,0,1,1
충청남도,홍성군,장곡면,0,0,1,1
충청남도,홍성군,홍동면,0,1,2,3
충청남도,홍성군,홍북읍,2,2,4,8
충청남도,홍성군,홍성읍,2,3,3,8
충청북도,괴산군,감물면,0,1,1,2
충청북도,괴산군,괴산읍,1,2,2,5
충청북도,괴산군,문광면,0,0,1,1
충청북도,괴산군,불정면,0,0,1,1
충청북도,괴산군,사리면,0,0,1,1
충청북도,괴산군,소수면,0,0,1,1
충청북도,괴산군,연풍면,0,1,1,2
충청북도,괴산군,장연면,0,0,1,1
충청북도,괴산군,청안면,0,1,2,3
충청북도,괴산군,청천면,0,2,2,4
충청북도,괴산군,칠성면,0,1,1,2
충청북도,단양군,가곡면,0,0,3,3
충청북도,단양군,단성면,1,1,1,3
충청북도,단양군,단양읍,1,1,2,4
충청북도,단양군,대강면,0,0,1,1
충청북도,단양군,매포읍,0,1,2,3
충청북도,단양군,어상천면,0,0,1,1
충청북도,단양군,영춘면,0,2,2,4
충청북도,단양군,적성면,0,0,1,1
충청북도,보은군,내북면,0,0,1,1
충청북도,보은군,마로면,0,0,2,2
충청북도,보은군,보은읍,3,2,3,8
충청북도,보은군,산외면,0,0,1,1
충청북도,보은군,삼승면,0,1,2,3
충청북도,보은군,속리산면,0,0,1,1
충청북도,보은군,수한면,0,0,1,1
충청북도,보은군,장안면,0,0,1,1
충청북도,보은군,탄부면,0,1,1,2
충청북도,보은군,회남면,0,0,1,1
충청북도,보은군,회인면,0,1,1,2
충청북도,영동군,매곡면,0,0,1,1
충청북도,영동군,상촌면,0,0,1,1
충청북도,영동군,심천면,0,1,2,3
충청북도,영동군,양강면,0,0,1,1
충청북도,영동군,양산면,0,1,1,2
충청북도,영동군,영동읍,3,2,3,8
충청북도,영동군,용산면,0,0,1,1
충청북도,영동군,용화면,0,0,1,1
충청북도,영동군,추풍령면,0,1,1,2
충청북도,영동군,학산면,1,1,1,3
충청북도,영동군,황간면,1,1,1,3
충청북도,옥천군,군북면,0,0,1,1
충청북도,옥천군,군서면,0,0,1,1
충청북도,옥천군,동이면,0,0,2,2
충청북도,옥천군,안남면,0,0,1,1
충청북도,옥천군,안내면,0,1,1,2
충청북도,옥천군,옥천읍,2,2,4,8
충청북도,옥천군,이원면,0,1,1,2
충청북도,옥천군,청산면,1,1,1,3
충청북도,옥천군,청성면,0,0,1,1
충청북도,음성군,감곡면,1,2,3,6
충청북도,음성군,금왕읍,2,1,4,7
충청북도,음성군,대소면,0,1,2,3
충청북도,음성군,맹동면,1,1,2,4
충청북도,음성군,삼성면,0,1,2,3
충청북도,음성군,생극면,0,1,1,2
충청북도,음성군,소이면,0,0,1,1
충청북도,음성군,원남면,0,0,2,2
충청북도,음성군,음성읍,1,3,3,7
충청북도,제천시,고명동,1,0,0,1
충청북도,제천시,금성면,0,0,1,1
충청북도,제천시,남천동,0,0,1,1
충청북도,제천시,덕산면,0,1,1,2
충청북도,제천시,동현동,1,0,0,1
충청북도,제천시,명지동,0,0,1,1
충청북도,제천시,모산동,0,0,1,1
충청북도,제천시,백운면,0,1,2,3
충청북도,제천시,봉양읍,1,1,2,4
충청북도,제천시,서부동,1,1,0,2
충청북도,제천시,송학면,0,1,1,2
충청북도,제천시,수산면,0,1,1,2
충청북도,제천시,신백동,1,1,2,4
충청북도,제천시,신월동,1,0,0,1
충청북도,제천시,영천동,0,0,1,1
충청북도,제천시,의림동,0,0,1,1
충청북도,제천시,장락동,0,1,1,2
충청북도,제천시,천남동,0,0,1,1
충청북도,제천시,청전동,1,2,1,4
충청북도,제천시,청풍면,0,1,1,2
충청북도,제천시,하소동,0,1,1,2
충청북도,제천시,한수면,0,1,1,2
충청북도,제천시,화산동,0,0,1,1
충청북도,제천시,흑석동,0,0,1,1
충청북도,증평군,도안면,0,0,1,1
충청북도,증평군,증평읍,3,3,3,9
충청북도,진천군,광혜원면,1,1,1,3
충청북도,진천군,덕산읍,1,2,3,6
충청북도,진천군,문백면,1,1,2,4
충청북도,진천군,백곡면,0,0,1,1
충청북도,진천군,이월면,0,1,3,4
충청북도,진천군,진천읍,3,2,3,8
충청북도,진천군,초평면,0,0,2,2
충청북도,청주시 상당구,가덕면,2,1,2,5
충청북도,청주시 상당구,금천동,1,2,2,5
충청북도,청주시 상당구,남일면,0,0,3,3
충청북도,청주시 상당구,낭성면,0,0,1,1
충청북도,청주시 상당구,문의면,0,1,2,3
충청북도,청주시 상당구,미원면,1,1,2,4
충청북도,청주시 상당구,방서동,0,0,1,1
충청북도,청주시 상당구,석교동,0,0,1,1
충청북도,청주시 상당구,수동,1,1,0,2
충청북도,청주시 상당구,영동,1,1,1,3
충청북도,청주시 상당구,영운동,0,1,1,2
충청북도,청주시 상당구,용담동,1,0,2,3
충청북도,청주시 상당구,용암동,2,3,7,12
충청북도,청주시 상당구,용암동228,0,1,0,1
충청북도,청주시 상당구,용정동,0,1,0,1
충청북도,청주시 상당구,월오동,0,0,1,1
충청북도,청주시 상당구,탑동,1,1,0,2
충청북도,청주시 서원구,개신동,0,0,1,1
충청북도,청주시 서원구,남이면,0,0,2,2
충청북도,청주시 서원구,모충동,3,2,1,6
충청북도,청주시 서원구,미평동,0,1,0,1
충청북도,청주시 서원구,분평동,2,2,4,8
충청북도,청주시 서원구,사직동,0,1,2,3
충청북도,청주시 서원구,사창동,1,0,1,2
충청북도,청주시 서원구,산남동,1,1,2,4
충청북도,청주시 서원구,성화동,1,1,1,3
충청북도,청주시 서원구,수곡동,0,2,3,5
충청북도,청주시 서원구,죽림동,0,0,1,1
충청북도,청주시 서원구,현도면,1,1,2,4
충청북도,청주시 청원구,내덕동,2,0,2,4
충청북도,청주시 청원구,내수읍,0,1,4,5
충청북도,청주시 청원구,북이면,0,0,3,3
충청북도,청주시 청원구,사천동,1,1,2,4
충청북도,청주시 청원구,오창읍,3,4,7,14
충청북도,청주시 청원구,우암동,0,1,2,3
충청북도,청주시 청원구,율량동,2,1,3,6
충청북도,청주시 청원구,주중동,0,1,2,3
충청북도,청주시 흥덕구,가경동,4,5,6,15
충청북도,청주시 흥덕구,강내면,1,1,2,4
충청북도,청주시 흥덕구,복대동,3,3,6,12
충청북도,청주시 흥덕구,봉명동,1,1,3,5
충청북도,청주시 흥덕구,비하동,0,0,1,1
충청북도,청주시 흥덕구,서촌동,0,0,1,1
충청북도,청주시 흥덕구,송절동,0,1,1,2
충청북도,청주시 흥덕구,신봉동,0,1,0,1
충청북도,청주시 흥덕구,오송읍,1,2,4,7
충청북도,청주시 흥덕구,옥산면,1,1,2,4
충청북도,청주시 흥덕구,운천동,0,0,2,2
충청북도,충주시,교현동,1,3,3,7
충청북도,충주시,금가면,0,0,2,2
충청북도,충주시,금릉동,0,0,1,1
충청북도,충주시,노은면,0,1,1,2
충청북도,충주시,단월동,0,0,1,1
충청북도,충주시,대소원면,0,1,2,3
충청북도,충주시,동량면,0,1,2,3
충청북도,충주시,목행동,0,0,1,1
충청북도,충주시,문화동,0,0,1,1
충청북도,충주시,봉방동,1,0,1,2
충청북도,충주시,산척면,0,1,1,2
충청북도,충주시,살미면,0,0,1,1
충청북도,충주시,소태면,0,0,1,1
충청북도,충주시,수안보면,0,1,2,3
충청북도,충주시,신니면,0,1,2,3
충청북도,충주시,안림동,1,1,0,2
충청북도,충주시,앙성면,0,1,1,2
충청북도,충주시,엄정면,1,1,1,3
충청북도,충주시,연수동,0,0,3,3
충청북도,충주시,용두동,0,0,1,1
충청북도,충주시,용산동,2,0,2,4
충청북도,충주시,주덕읍,0,1,2,3
충청북도,충주시,중앙탑면,1,1,2,4
충청북도,충주시,칠금동,0,2,2,4
충청북도,충주시,호암동,4,3,1,8
