시도,시군구_통합,2014년 11월,2014년 12월,2015년 1월,2015년 2월,2015년 3월,2015년 4월,2015년 5월,2015년 6월,2015년 7월,2015년 8월,2015년 9월,2015년 10월,2015년 11월,2015년 12월,2016년 1월,2016년 2월,2016년 3월,2016년 4월,2016년 5월,2016년 6월,2016년 7월,2016년 8월,2016년 9월,2016년 10월,2016년 11월,2016년 12월,2017년 1월,2017년 2월,2017년 3월,2017년 4월,2017년 5월,2017년 6월,2017년 7월,2017년 8월,2017년 9월,2017년 10월,2017년 11월,2017년 12월,2018년 1월,2018년 2월,2018년 3월,2018년 4월,2018년 5월,2018년 6월,2018년 7월,2018년 8월,2018년 9월,2018년 10월,2018년 11월,2018년 12월,2019년 1월,2019년 2월,2019년 3월,2019년 4월,2019년 5월,2019년 6월,2019년 7월,2019년 8월,2019년 9월,2019년 10월,2019년 11월,2019년 12월,2020년 1월,2020년 2월,2020년 3월,2020년 4월,2020년 5월,2020년 6월,2020년 7월,2020년 8월,2020년 9월,2020년 10월,2020년 11월,2020년 12월,2021년 1월,2021년 2월,2021년 3월,2021년 4월,2021년 5월,2021년 6월,2021년 7월,2021년 8월,2021년 9월,2021년 10월,2021년 11월,2021년 12월,2022년 1월,2022년 2월,2022년 3월,2022년 4월,2022년 5월,2022년 6월,2022년 7월,2022년 8월,2022년 9월,2022년 10월,2022년 11월,2022년 12월,2023년 1월,2023년 2월,2023년 3월,2023년 4월,2023년 5월,2023년 6월,2023년 7월,2023년 8월,2023년 9월,2023년 10월,2023년 11월,2023년 12월,2024년 1월,2024년 2월,2024년 3월,2024년 4월,2024년 5월,2024년 6월,2024년 7월,2024년 8월,2024년 9월,2024년 10월,2024년 11월,2024년 12월,2025년 1월,2025년 2월,2025년 3월,2025년 4월,2025년 5월,2025년 6월,2025년 7월,2025년 8월,2025년 9월
강원도,춘천시,,,,,,,,,,,,,,,,,,,,,,,,,,,,,,,,,,,,,,,,,,,,,,,,,,,,,,,,,,,,,,,,,,,,,,,,,,,,,,,,,,,,,,,,,,,,,,,,99.623,99.655,99.662,99.615,99.62,99.551,99.647,99.662,99.77,99.841,99.848,99.885,99.911,99.96,100.0,100.031,100.077,100.11,100.157,100.196,100.232,100.293,100.471,100.625,100.795,100.904,100.98,101.047,101.241,101.316,101.343,101.45,101.554,101.676,101.732,101.806
경기도,가평군,,,,,,,,,,,,,,,,,,,,,,,,,,,,,,,,,,,,,,,,,,,,,,,,,,,,,,,,,,,,,,,,,,,,,,,,,,,,,,,,,,,,,,,,,,,,,,,,99.846,99.835,99.866,99.862,99.869,99.875,99.889,99.676,99.653,99.66,99.742,99.778,99.832,99.907,100.0,100.053,100.1,100.163,100.393,100.525,100.605,100.739,100.799,100.864,100.961,101.027,101.181,101.252,101.264,101.41,101.49,101.506,101.553,101.661,101.793,101.81
경기도,고양덕양구,78.819,79.058,79.058,79.292,79.365,79.679,79.679,79.926,80.265,80.265,80.265,80.852,81.226,81.226,81.226,81.226,81.628,82.045,82.473,82.473,82.568,82.715,83.165,83.322,83.475,83.475,83.475,83.475,84.604,84.711,84.892,85.061,85.137,85.35,86.038,86.108,86.232,86.587,86.587,86.464,86.497,86.497,86.55,86.747,87.099,87.256,87.256,87.412,87.599,87.799,87.991,87.991,88.033,88.368,88.576,88.839,88.889,89.393,89.716,90.144,90.825,91.265,91.265,91.785,92.442,92.918,93.077,93.33,93.803,94.021,94.123,94.355,94.504,94.658,94.853,95.027,95.25,95.417,95.556,95.761,96.019,96.108,96.293,96.514,96.711,96.949,97.072,97.314,97.495,97.799,98.037,98.25,98.454,98.748,98.942,99.082,99.133,99.158,99.223,99.251,99.234,99.296,99.484,99.438,99.51,99.622,99.678,99.821,99.873,100.0,100.147,100.363,100.673,100.966,101.234,101.438,101.695,101.945,102.216,102.452,102.93,103.183,103.323,103.634,103.838,104.132,104.404,104.655,104.886,105.071,105.282
경기도,고양일산동구,71.854,71.855,71.854,71.98,72.253,72.239,72.275,72.377,72.411,72.517,72.593,72.67,72.798,72.833,72.925,72.965,73.011,73.135,73.254,73.348,73.423,73.596,73.671,73.754,73.976,74.001,74.066,74.135,74.432,75.031,75.56,75.602,76.132,76.419,76.473,76.564,77.045,77.268,77.553,77.711,78.625,78.994,79.699,80.114,80.534,81.074,81.313,82.195,82.576,83.088,83.391,83.658,84.004,84.525,84.741,85.148,85.678,86.086,86.246,86.633,86.763,87.243,87.735,88.016,88.409,88.617,88.804,89.136,89.84,90.068,90.524,90.861,91.488,91.797,92.16,92.583,93.02,93.416,93.785,94.246,94.71,95.084,95.404,95.926,96.357,96.863,97.153,97.345,97.737,98.063,98.408,98.695,99.073,99.492,99.791,99.882,99.844,99.775,99.722,99.657,99.667,99.618,99.589,99.685,99.684,99.695,99.693,99.757,99.93,100.0,100.111,100.209,100.311,100.451,100.563,100.748,100.919,101.046,101.211,101.275,101.367,101.459,101.525,101.617,101.732,101.807,101.882,101.941,102.042,102.136,102.223
경기도,고양일산서구,82.585,82.251,82.345,82.112,81.937,82.424,82.06,82.148,82.329,83.043,82.79,82.253,82.691,83.346,83.357,83.417,83.087,83.372,83.227,83.658,83.798,83.919,84.654,84.839,84.981,85.06,85.22,85.226,85.597,86.011,86.41,86.608,86.978,87.081,87.195,87.195,87.361,87.564,87.698,87.912,88.147,88.408,88.961,89.321,89.568,89.845,90.121,90.43,90.767,90.912,91.093,91.387,91.512,91.594,91.755,91.955,91.998,92.223,92.371,92.515,92.854,93.118,93.405,93.64,93.705,93.885,94.05,94.231,94.258,94.258,94.462,94.618,94.769,94.84,95.069,95.153,95.397,95.634,95.884,96.189,96.536,96.699,97.009,97.181,97.352,97.687,97.826,98.041,98.324,98.568,99.109,99.431,99.647,99.85,100.011,100.084,100.039,99.878,99.842,99.834,99.814,99.826,99.797,99.84,99.878,99.882,99.847,99.842,99.905,100.0,100.012,100.096,100.224,100.309,100.363,100.469,100.576,100.705,100.808,100.908,100.987,101.045,101.076,101.125,101.191,101.207,101.268,101.388,101.486,101.575,101.681
경기도,과천시,81.002,80.886,80.886,81.288,81.183,81.238,81.168,81.168,81.395,81.685,81.849,81.883,81.938,81.938,82.162,82.363,82.49,82.691,82.691,82.912,82.874,82.556,82.369,82.369,82.55,82.593,83.012,83.093,83.2,83.557,83.752,84.135,84.707,84.789,85.234,85.546,85.633,85.705,86.058,86.153,86.639,86.843,87.143,87.546,87.849,88.117,88.32,88.787,89.154,89.4,89.637,89.865,90.065,90.186,90.502,90.665,91.039,91.245,91.326,91.587,91.827,91.955,92.102,92.197,92.243,92.313,92.313,92.455,92.545,92.571,92.73,93.003,93.325,93.47,93.663,93.815,93.9,94.118,94.303,94.529,94.825,95.085,95.369,95.653,95.927,96.15,96.437,96.61,96.744,97.081,97.244,97.539,97.996,98.358,98.679,98.879,98.9,99.066,99.045,99.074,98.92,98.849,99.406,99.402,99.426,99.6,99.719,99.776,99.829,100.0,100.125,100.268,100.466,100.763,101.175,101.42,101.549,101.909,102.198,102.535,102.877,103.112,103.576,103.787,104.213,104.675,104.842,105.237,105.796,106.321,106.799
경기도,광명시,,,,,,,,,,,,,,,,,,,,,,,,,,,,,,,,,,,,,,,,,,,,,,,,,,,,,,,,,,,,,,,,,,,,,,,,,,,,,,,,,,,,,,,,,,,,,,,,98.397,98.557,98.709,98.792,98.913,98.984,99.061,99.118,99.182,99.182,99.273,99.414,99.848,99.923,100.0,100.278,100.392,100.662,100.97,101.224,101.533,101.635,101.935,102.158,102.296,102.757,103.036,103.365,103.688,104.096,104.374,104.708,105.099,105.39,105.723,106.058
경기도,광주시,,,,,,,,,,,,,,,,,,,,,,,,,,,,,,,,,,,,,,,,,,,,,,,,,,,,,,,,,,,,,,,,,,,,,,,,,,,,,,,,,,,,,,,,,,,,,,,,99.373,99.495,99.438,99.362,99.399,99.34,99.384,99.419,99.516,99.551,99.58,99.652,99.765,99.947,100.0,100.116,100.248,100.436,100.567,100.712,101.014,101.287,101.474,101.683,101.784,102.062,102.183,102.27,102.448,102.748,102.899,103.153,103.433,103.592,103.729,103.925
경기도,구리시,70.721,70.857,70.844,70.848,70.948,71.079,71.173,71.249,71.328,71.402,71.567,71.728,71.842,71.956,71.98,72.135,72.279,72.423,72.657,72.774,72.911,73.007,73.205,73.309,73.482,73.639,73.501,73.443,73.743,74.186,74.333,74.463,74.593,74.726,74.877,75.13,75.564,76.019,76.164,76.505,76.851,77.068,77.249,77.539,77.832,78.489,79.046,79.445,79.778,80.284,80.537,80.756,81.005,81.74,82.03,82.287,82.628,82.886,83.47,83.933,84.646,85.266,85.908,86.423,86.924,87.375,87.756,88.337,89.043,89.612,89.972,90.47,90.975,91.237,91.52,91.857,92.043,92.442,92.908,93.694,94.433,94.948,95.461,95.909,96.281,96.7,97.153,97.546,97.878,98.213,98.654,99.036,99.424,99.738,99.913,100.074,99.906,99.782,99.726,99.757,99.755,99.741,99.715,99.716,99.743,99.757,99.765,99.787,99.81,100.0,100.096,100.245,100.341,100.521,100.645,100.841,101.007,101.537,101.696,102.084,102.293,102.492,102.733,103.059,103.21,103.484,103.767,103.984,104.201,104.288,104.42
경기도,군포시,77.499,77.605,77.602,77.744,77.595,77.764,77.991,78.166,78.399,78.501,78.446,78.439,78.562,78.574,78.563,78.742,78.939,79.19,79.369,79.573,79.672,79.718,79.915,80.055,80.18,80.35,80.523,80.665,80.919,81.254,81.51,81.745,81.91,82.116,82.485,82.731,82.993,83.229,83.393,83.544,83.872,84.123,84.307,84.554,84.87,85.06,85.303,85.53,85.735,85.951,86.137,86.34,86.529,86.803,87.088,87.363,87.538,87.836,88.105,88.342,88.589,88.819,89.088,89.287,89.517,89.886,90.116,90.385,90.697,90.968,91.173,91.44,91.649,91.935,92.117,92.414,92.71,92.97,93.306,93.591,93.977,94.361,94.8,95.211,95.523,95.798,96.192,96.47,96.793,97.181,97.435,97.807,98.081,98.39,98.576,98.802,98.949,99.058,99.098,99.116,99.152,99.16,99.22,99.263,99.316,99.591,99.682,99.776,99.927,100.0,100.133,100.348,100.451,100.602,100.762,100.93,101.078,101.268,101.427,101.586,101.764,101.97,102.173,102.332,102.541,102.737,102.94,103.139,103.322,103.542,103.789
경기도,김포시,,,,,,,,,,,,,,,,,,,,,,,,,,,,,,,,,,,,,,,,,,,,,,,,,,,,,,,,,,,,,,,,,,,,,,,,,,,,,,,,,,,,,,,,,,,,,,,,99.717,99.766,99.745,99.787,99.778,99.784,99.798,99.788,99.756,99.765,99.793,99.797,99.819,99.894,100.0,100.087,100.214,100.416,100.584,100.722,100.833,100.996,101.088,101.197,101.254,101.32,101.41,101.492,101.603,101.727,101.912,102.028,102.133,102.283,102.393,102.548
경기도,남양주시,72.181,72.181,72.19,72.336,72.409,72.897,73.433,73.509,73.509,73.643,73.99,74.082,74.165,74.233,74.38,74.404,74.58,74.701,74.721,75.06,75.185,75.185,75.488,75.488,75.639,75.894,76.089,76.234,76.365,76.564,76.811,77.365,77.415,77.797,77.978,78.364,78.669,78.436,78.498,78.684,79.067,79.817,80.189,80.488,81.613,82.22,82.681,83.384,84.317,84.611,84.78,84.925,85.075,85.625,85.625,85.877,86.179,86.698,87.292,87.692,88.238,88.422,89.58,89.859,90.175,90.453,90.703,91.095,91.216,91.556,91.966,92.308,92.64,92.979,93.043,93.159,93.392,93.829,94.156,94.344,94.596,95.09,95.397,95.863,96.245,96.603,97.016,97.145,97.638,98.159,98.567,98.863,99.216,99.447,99.586,99.487,99.564,99.583,99.528,99.509,99.466,99.475,99.406,99.402,99.375,99.413,99.539,99.638,99.848,100.0,100.08,100.184,100.302,100.413,100.534,100.638,100.742,100.982,101.082,101.203,101.343,101.458,101.632,101.75,101.879,102.017,102.124,102.277,102.434,102.537,102.675
경기도,동두천시,75.045,75.08,75.249,75.287,75.251,75.225,75.444,75.634,75.832,75.952,76.161,76.391,76.461,76.543,76.563,76.65,77.02,77.086,77.192,77.476,77.713,77.867,78.022,78.244,78.518,78.672,78.85,78.849,79.051,80.017,80.35,80.952,81.904,82.669,83.492,83.862,84.494,84.864,85.238,85.814,86.635,87.127,87.721,88.084,88.507,88.986,89.322,89.494,89.597,89.807,90.035,90.377,90.43,91.034,91.201,91.497,91.95,92.268,92.65,92.829,92.948,93.054,93.338,93.405,93.785,93.909,94.089,94.253,94.551,94.732,94.917,94.916,95.158,95.442,95.606,95.929,96.169,96.14,96.429,96.551,96.9,97.09,97.341,97.526,97.835,98.056,98.21,98.454,98.695,98.883,99.062,99.35,99.708,99.93,100.204,100.468,100.404,100.344,100.281,100.228,100.24,100.172,100.13,100.088,100.085,100.051,100.037,100.034,100.022,100.0,99.971,99.903,99.864,99.78,99.698,99.692,99.716,99.763,99.839,99.922,99.959,100.01,100.041,100.087,100.115,100.165,100.182,100.189,100.204,100.219,100.256
경기도,부천시,,,,,,,,,,,,,,,,,,,,,,,,,,,,,,,,,,,,,,,,,,,,,,,,,,,,,,,,,,,,,,,,,,,,,,,,,,,,,,,,,,,,,,,,,,,,,,,,,,,,,,,,,,,,,,100.0,100.07133333333333,100.21533333333333,100.42433333333334,100.573,100.83699999999999,100.99666666666667,101.13666666666666,101.29899999999999,101.45633333333332,101.65466666666667,101.81666666666666,101.94966666666666,102.125,102.28433333333334,102.479,102.652,102.87,103.081,103.25333333333333,103.42633333333333,103.67399999999999
경기도,성남분당구,79.286,79.4,79.408,79.435,79.597,79.651,79.715,79.798,79.907,79.987,80.051,80.133,80.193,80.281,80.332,80.371,80.453,80.591,80.733,80.944,81.111,81.314,81.516,81.63,81.757,81.826,81.889,81.957,82.187,82.42,82.562,82.75,82.928,83.106,83.224,83.358,83.484,83.653,83.795,83.929,84.167,84.419,84.645,84.871,85.119,85.413,85.644,85.846,86.152,86.398,86.581,86.834,87.14,87.338,87.592,87.871,88.045,88.229,88.452,88.652,88.88,89.131,89.443,89.713,90.005,90.332,90.681,90.934,91.188,91.485,91.698,91.988,92.292,92.566,92.895,93.15,93.476,93.759,94.106,94.465,94.832,95.203,95.543,95.857,96.148,96.43,96.68,96.901,97.152,97.417,97.707,97.96,98.212,98.433,98.645,98.706,98.899,98.92,98.854,98.937,98.933,98.983,99.072,99.151,99.238,99.333,99.478,99.569,99.756,100.0,100.251,100.513,100.863,101.156,101.473,101.777,102.118,102.35,102.704,102.941,103.202,103.509,103.754,103.938,104.113,104.37,104.645,104.938,105.141,105.495,105.784
경기도,성남수정구,74.178,74.215,74.321,74.347,74.484,74.624,74.677,74.741,74.883,75.041,75.14,75.296,75.383,75.475,75.555,75.69,75.858,76.032,76.152,76.336,76.377,76.598,76.961,77.04,77.272,77.41,77.585,77.803,77.949,78.161,78.388,78.664,78.885,79.094,79.289,79.456,79.621,79.802,80.087,80.459,80.788,81.045,81.332,81.594,81.882,82.299,82.769,83.137,83.629,84.103,84.474,84.742,85.068,85.398,85.712,86.16,86.656,87.092,87.52,87.932,88.278,88.754,89.249,89.702,90.162,90.548,90.884,91.412,91.753,91.948,92.068,92.227,92.463,92.709,92.974,93.274,93.592,93.777,93.978,94.23,94.426,94.651,94.891,95.125,95.386,95.553,95.91,96.178,96.551,96.881,97.243,97.618,97.97,98.302,98.472,98.466,98.391,98.114,97.969,98.042,98.159,98.2,98.269,98.351,98.56,98.933,99.202,99.502,99.747,100.0,100.321,100.713,101.009,101.406,101.853,102.246,102.643,102.991,103.326,103.654,103.777,103.917,104.103,104.281,104.525,104.788,105.062,105.382,105.676,105.86,106.207
경기도,성남중원구,80.267,80.317,80.373,80.414,80.412,80.439,80.557,80.643,80.675,80.679,80.646,80.72,80.791,80.899,80.952,81.051,81.082,81.218,81.305,81.37,81.597,81.829,81.856,81.952,81.863,81.918,81.957,81.979,82.135,82.161,82.257,82.517,82.621,82.681,82.821,82.849,83.307,83.567,83.754,83.804,83.953,84.158,84.246,84.847,85.009,86.071,86.539,86.917,87.503,87.862,88.088,88.247,88.401,88.466,88.741,89.047,89.465,89.647,89.927,90.231,90.621,90.886,91.159,91.522,91.773,92.009,92.267,92.457,92.637,92.875,93.285,93.631,93.905,94.243,94.457,94.649,94.837,95.25,95.555,95.937,96.076,96.293,96.618,96.923,97.165,97.506,97.633,97.783,97.997,98.161,98.547,98.936,99.189,99.383,99.637,99.854,99.894,99.789,99.501,99.301,99.255,99.31,99.343,99.37,99.418,99.504,99.603,99.744,99.873,100.0,100.166,100.377,100.57,100.801,101.01,101.233,101.467,101.679,101.908,102.138,102.299,102.431,102.602,102.738,102.993,103.118,103.304,103.566,103.816,104.013,104.331
경기도,수원권선구,74.813,74.953,74.955,75.062,75.171,75.247,75.312,75.392,75.463,75.528,75.653,75.669,75.678,75.7,75.686,75.673,75.743,75.863,75.893,75.914,76.02,76.143,76.168,76.307,76.354,76.39,76.441,76.543,76.664,76.867,77.246,77.329,77.719,78.159,78.31,78.464,78.536,78.741,79.0,79.286,79.728,79.839,80.036,80.427,80.896,81.144,81.279,81.72,81.854,82.193,82.329,82.925,82.979,83.295,83.662,84.162,84.543,85.132,85.587,86.301,86.759,86.857,87.118,87.637,87.924,88.015,88.502,88.802,89.236,89.741,90.071,90.289,90.589,90.924,91.126,91.289,91.839,92.106,92.492,92.708,93.015,93.49,93.996,94.381,94.837,95.292,95.687,96.231,96.475,96.929,97.352,97.713,98.018,98.322,98.635,98.841,98.932,98.97,98.882,98.733,98.755,98.846,98.854,98.931,98.987,99.149,99.496,99.681,99.857,100.0,100.335,100.488,100.704,100.841,100.898,101.287,101.596,101.792,101.952,102.118,102.439,102.63,102.817,102.965,103.181,103.387,103.517,103.734,103.889,104.1,104.337
경기도,수원영통구,66.187,66.245,66.355,66.431,66.46,66.558,66.657,66.778,66.835,66.872,66.902,66.999,67.056,67.089,67.136,67.174,67.258,67.33,67.366,67.425,67.489,67.578,67.74,67.904,68.072,68.145,68.227,68.356,68.495,68.769,68.933,69.104,69.308,69.518,69.759,70.002,70.16,70.426,70.653,70.938,71.195,71.502,71.78,72.053,72.377,72.66,72.973,73.311,73.644,73.964,74.3,74.473,74.701,74.938,75.175,75.501,75.856,76.1,76.4,76.93,77.893,78.653,79.316,80.187,80.856,81.53,81.933,82.321,83.763,84.292,84.765,85.314,85.92,86.632,87.314,88.01,88.676,89.338,90.164,90.941,91.713,92.552,93.411,94.298,94.953,95.575,96.127,96.612,97.063,97.502,97.961,98.421,98.712,98.956,99.016,98.841,98.982,98.872,98.846,98.813,98.804,98.809,98.821,98.904,98.984,99.126,99.434,99.509,99.772,100.0,100.202,100.506,100.768,100.954,101.179,101.312,101.452,101.657,101.898,102.057,102.243,102.381,102.512,102.679,102.798,102.997,103.268,103.527,103.704,103.887,104.093
경기도,수원장안구,78.841,78.855,78.928,78.963,79.378,78.584,78.667,78.776,78.9,78.697,78.453,78.716,78.803,78.574,78.608,78.544,78.452,78.401,78.41,78.609,78.624,78.839,78.839,78.988,79.029,79.109,79.189,79.287,79.383,79.383,80.178,80.22,80.333,80.405,80.411,80.408,80.602,80.602,80.588,80.966,81.274,81.322,82.31,83.082,83.207,83.931,84.099,84.212,84.45,84.718,85.35,85.468,85.695,85.884,86.13,86.282,86.514,86.903,86.903,87.214,87.638,87.905,88.216,88.407,88.844,89.146,89.265,89.437,89.735,90.078,90.327,90.849,91.34,91.499,91.806,92.222,92.681,92.895,93.197,93.56,93.914,94.394,94.853,95.375,95.747,96.074,96.296,96.68,96.878,97.14,97.593,98.016,98.326,98.751,99.01,99.109,99.078,99.312,99.308,99.314,99.326,99.337,99.312,99.365,99.366,99.405,99.428,99.477,99.844,100.0,100.112,100.351,100.592,100.736,100.909,101.111,101.33,101.58,101.789,101.969,102.194,102.444,102.599,102.808,102.959,103.136,103.282,103.513,103.68,103.8,103.927
경기도,수원팔달구,81.166,81.715,82.243,82.491,82.32,82.32,81.024,81.404,81.231,81.004,81.004,81.306,81.141,81.179,81.452,81.422,81.706,82.015,82.025,82.266,82.617,82.65,82.685,82.667,83.095,83.167,83.188,82.626,82.813,82.903,83.323,83.531,83.705,83.964,84.451,84.701,84.773,84.784,84.986,85.069,85.303,85.562,85.599,86.044,86.265,86.323,86.734,86.918,87.07,87.135,87.267,87.331,87.669,88.108,88.192,88.615,89.185,89.457,89.457,90.046,90.451,90.485,91.068,91.383,91.422,91.607,91.872,92.185,92.54,92.625,93.03,93.437,93.437,93.648,93.82,94.27,94.546,94.72,95.022,95.536,95.769,95.772,96.116,96.394,96.735,96.786,97.199,97.264,97.428,97.658,98.048,98.24,98.531,98.767,98.979,98.981,99.092,99.11,99.12,99.123,99.127,99.152,99.157,99.201,99.227,99.278,99.371,99.53,99.797,100.0,100.14,100.275,100.486,100.687,100.951,101.118,101.324,101.499,101.666,101.883,102.137,102.384,102.63,102.782,102.971,103.147,103.279,103.357,103.581,103.681,103.745
경기도,시흥시,76.85,76.957,77.109,77.171,77.028,77.057,77.22,77.528,77.222,77.116,77.525,78.427,78.776,78.87,79.106,79.107,79.071,79.243,79.38,79.413,79.7,79.824,79.863,80.1,80.537,80.76,80.985,81.162,81.32,81.683,83.271,83.738,83.898,83.881,84.041,84.18,84.249,84.434,84.423,84.612,84.802,85.162,85.404,85.457,85.516,85.784,85.937,86.212,86.484,86.952,87.106,87.39,87.524,87.712,87.857,87.893,88.322,88.61,88.724,89.065,89.185,89.465,89.683,89.971,90.264,90.465,90.672,90.826,91.417,91.84,92.138,92.358,92.647,92.899,93.215,93.463,93.63,94.172,94.397,94.795,95.14,95.364,95.743,96.041,96.316,96.701,96.886,97.227,97.454,97.757,97.981,98.367,98.582,98.823,99.108,99.268,99.308,99.306,99.335,99.348,99.391,99.432,99.447,99.4,99.405,99.439,99.51,99.59,99.708,100.0,100.09,100.206,100.406,100.451,100.662,100.796,100.925,101.158,101.383,101.614,101.743,102.101,102.276,102.457,102.566,102.781,102.982,103.273,103.447,103.623,103.841
경기도,안산단원구,80.237,80.142,80.168,80.168,80.222,80.24,80.318,80.463,80.538,80.538,80.538,80.597,80.555,80.628,80.6,80.621,81.111,81.164,81.498,81.534,81.64,81.746,81.746,81.904,82.432,82.639,82.828,83.131,83.29,83.506,83.702,83.924,84.173,84.233,84.498,84.498,84.654,84.854,85.306,85.472,85.516,85.641,85.821,86.078,86.315,86.451,86.674,87.128,87.281,87.531,87.634,87.833,87.956,88.25,88.377,88.556,88.724,89.034,89.4,89.696,89.986,90.352,90.641,90.855,91.172,91.501,91.741,91.981,92.342,92.5,92.645,92.842,93.195,93.435,93.618,93.847,94.217,94.523,94.786,95.005,95.341,95.601,95.928,96.277,96.609,96.851,97.099,97.427,97.701,97.986,98.241,98.476,98.776,99.065,99.27,99.327,99.345,99.349,99.32,99.321,99.32,99.301,99.266,99.266,99.258,99.256,99.436,99.669,99.787,100.0,100.068,100.204,100.364,100.636,100.82,100.979,101.142,101.339,101.496,101.647,101.796,101.864,101.997,102.154,102.339,102.525,102.744,102.952,103.191,103.405,103.598
경기도,안산상록구,86.787,86.909,86.912,86.924,87.068,87.125,87.092,87.109,87.176,87.172,87.216,87.291,87.365,87.423,87.494,87.35,87.431,87.496,87.568,87.678,87.752,87.882,87.969,88.028,88.13,88.188,88.235,88.278,88.399,88.555,88.621,88.785,88.785,88.772,88.796,88.881,88.913,88.996,89.022,89.107,89.209,89.435,89.64,89.9,90.101,90.28,90.414,90.537,90.698,90.906,91.11,91.148,91.313,91.474,91.615,91.793,92.007,92.185,92.338,92.563,92.785,92.895,93.05,93.284,93.38,93.499,93.644,93.795,93.96,94.095,94.344,94.494,94.681,94.849,94.984,95.158,95.381,95.55,95.733,95.902,96.137,96.318,96.514,96.855,97.128,97.279,97.452,97.693,97.849,98.1,98.42,98.633,98.943,99.063,99.148,99.155,99.261,99.25,99.303,99.304,99.31,99.322,99.312,99.428,99.479,99.544,99.611,99.712,99.82,100.0,100.207,100.397,100.574,100.815,101.012,101.146,101.294,101.499,101.723,101.9,102.068,102.273,102.467,102.605,102.826,103.011,103.201,103.403,103.634,103.833,104.098
경기도,안양동안구,,,,,,,,,,,,,,,,,,,,,78.984,79.04,78.935,78.97,79.077,79.141,79.203,79.301,79.509,79.805,80.073,80.341,80.55,80.795,80.985,81.375,81.605,81.855,82.011,82.185,82.337,82.489,82.744,82.938,83.209,83.455,83.596,83.897,84.104,84.375,84.589,84.896,85.141,85.46,85.772,86.07,86.304,86.56,86.879,87.284,87.631,87.876,88.253,88.617,88.915,89.194,89.434,89.679,90.024,90.382,90.681,90.984,91.254,91.566,91.91,92.18,92.487,92.829,93.149,93.463,93.789,94.109,94.448,94.781,95.081,95.415,95.777,96.122,96.475,96.857,97.209,97.553,97.904,98.189,98.38,98.532,98.611,98.676,98.706,98.72,98.601,98.815,99.079,99.065,99.296,99.445,99.664,99.748,99.906,100.0,100.263,100.625,100.828,101.125,101.316,101.521,101.733,101.987,102.171,102.394,102.545,102.704,102.983,103.131,103.343,103.582,103.795,103.965,104.203,104.556,104.832
경기도,안양만안구,74.217,74.185,74.316,74.619,74.871,74.841,75.107,75.365,75.439,75.469,75.724,75.964,75.975,75.857,75.903,76.291,76.508,76.557,76.667,76.039,76.064,76.149,76.396,76.793,76.793,76.926,76.943,77.127,77.283,77.488,77.488,77.69,77.818,77.949,78.091,78.21,78.393,78.696,78.913,78.978,78.978,79.166,79.345,79.441,79.821,80.19,80.412,80.923,81.941,82.177,82.349,82.349,82.51,82.666,82.915,83.368,83.771,84.28,84.654,85.307,85.567,85.85,86.12,86.692,87.008,87.26,87.58,87.714,87.971,88.241,88.431,88.642,88.965,89.25,89.499,89.955,90.32,90.676,91.175,91.905,92.592,93.034,93.37,93.798,94.228,94.781,95.334,95.742,96.247,96.637,97.175,97.706,98.113,98.375,98.556,98.686,98.825,99.098,99.183,99.215,99.324,99.338,99.417,99.439,99.433,99.467,99.614,99.722,99.88,100.0,100.301,100.544,100.782,101.032,101.199,101.379,101.529,101.734,101.943,102.145,102.312,102.481,102.625,102.906,103.03,103.26,103.49,103.617,103.886,104.071,104.369
경기도,양주시,77.598,77.598,77.598,77.39,77.306,77.293,77.18,76.997,77.074,77.252,77.316,77.526,77.571,77.603,77.662,77.749,77.856,77.856,78.792,78.861,79.184,79.422,79.437,79.508,79.53,79.591,79.7,79.716,79.99,80.682,80.911,81.155,81.173,81.273,81.435,81.307,81.45,81.512,81.565,81.708,81.835,82.225,81.978,82.084,82.084,82.084,82.437,82.855,83.185,83.386,83.386,83.555,84.413,85.376,85.389,85.47,85.845,86.086,86.683,86.888,87.226,88.228,88.566,89.178,90.166,90.274,90.408,90.734,91.048,91.568,92.394,92.818,93.427,93.818,94.234,94.45,94.916,95.257,95.585,95.742,95.878,96.286,96.697,96.97,97.365,97.924,98.344,98.487,98.82,99.057,99.258,99.535,99.705,99.858,100.058,100.151,100.127,100.109,100.1,100.053,100.056,100.053,99.839,99.826,99.861,99.88,99.899,99.931,100.0,100.0,100.085,100.115,100.266,100.359,100.461,100.585,100.61,100.641,100.661,100.7,100.764,100.813,100.861,100.949,101.009,101.258,101.368,101.46,101.551,101.624,101.673
경기도,양평군,79.771,79.692,79.712,79.718,79.801,79.822,79.784,79.882,79.863,79.929,79.929,80.083,80.13,80.209,80.368,80.474,80.474,80.694,80.802,80.931,80.963,81.021,81.033,81.158,81.265,81.386,81.48,81.63,81.735,82.023,82.378,82.732,83.26,83.582,83.703,83.914,84.033,84.183,84.397,84.601,84.888,85.165,85.276,85.59,85.838,86.173,86.356,86.662,86.968,87.31,87.629,87.907,88.301,88.528,88.784,88.994,89.299,89.556,89.824,90.046,90.319,90.457,90.684,91.073,91.385,91.801,92.018,92.276,92.587,92.864,93.12,93.345,93.502,93.844,94.059,94.213,94.47,94.995,95.284,95.57,95.867,96.094,96.365,96.635,96.873,97.164,97.432,97.693,97.981,98.322,98.678,98.942,99.227,99.486,99.79,99.958,100.064,100.073,100.046,100.013,99.984,99.92,99.852,99.819,99.877,99.907,99.93,99.97,99.991,100.0,99.991,99.985,99.981,100.088,100.171,100.246,100.301,100.423,100.478,100.566,100.648,100.833,100.937,101.017,101.125,101.235,101.317,101.431,101.565,101.651,101.763
경기도,여주시,,,,,,,,,,,,,,,,,,,,,,,,,,,,,,,,,,,,,,,,,,,,,,,,,,,,,,,,,,,,,,,,,,,,,,,,,,,,,,,,,,,,,,,,,,,,,,,,100.043,99.956,99.937,99.863,99.876,99.763,99.689,99.563,99.493,99.533,99.638,99.767,99.838,99.983,100.0,100.015,100.293,100.373,100.612,100.684,100.806,100.921,100.926,100.99,101.053,101.161,101.231,101.275,101.333,101.446,101.575,101.723,101.77,101.852,101.983,102.06
경기도,오산시,75.726,75.756,75.8,75.968,75.996,76.205,76.319,76.427,76.573,76.692,77.032,77.169,77.362,77.719,77.937,77.984,78.17,78.236,78.32,78.448,78.504,78.806,78.966,79.002,79.275,79.356,79.365,79.418,79.55,79.821,79.994,80.28,80.687,80.856,80.937,81.171,81.436,81.86,82.054,82.264,82.465,82.653,82.886,83.083,83.399,83.653,83.888,84.038,84.282,84.535,84.833,85.085,85.544,85.954,86.29,86.474,86.88,87.145,87.516,87.817,88.016,88.347,88.654,88.855,89.161,89.354,89.599,90.252,90.536,90.878,91.221,91.467,91.768,92.069,92.298,92.691,93.088,93.45,93.857,94.105,94.36,94.934,95.378,95.761,96.112,96.361,96.642,96.984,97.242,97.728,98.081,98.334,98.556,98.772,98.961,99.074,99.289,99.301,99.27,99.21,99.223,99.217,99.202,99.257,99.328,99.436,99.582,99.725,99.859,100.0,100.204,100.47,100.685,100.856,101.111,101.387,101.618,101.762,101.949,102.194,102.489,102.634,102.671,102.815,102.987,103.232,103.383,103.549,103.678,103.668,103.714
경기도,용인기흥구,77.353,77.522,77.481,77.473,77.729,77.648,77.879,78.001,78.005,78.117,78.411,78.71,78.771,78.803,79.08,79.048,79.363,79.412,79.368,79.817,79.95,79.493,79.523,79.52,79.736,79.752,79.917,79.918,80.055,80.238,80.565,80.565,80.817,80.889,80.98,81.173,81.205,81.235,81.115,81.262,81.478,82.3,83.516,84.241,85.869,86.049,86.419,86.933,87.128,87.447,87.829,88.177,88.424,88.556,88.79,89.016,89.131,89.159,89.398,89.502,89.91,90.014,90.424,90.688,90.568,90.619,90.73,90.982,91.266,91.516,91.591,91.929,92.171,92.369,92.615,92.906,93.111,93.366,93.499,93.54,93.627,94.136,94.507,94.786,95.019,95.202,95.405,95.615,95.8,95.875,96.262,96.401,96.675,97.082,97.403,97.557,97.82,97.664,98.02,98.002,98.313,98.369,98.435,98.524,98.989,99.673,99.787,100.047,100.026,100.0,100.216,100.324,100.399,100.412,100.779,100.604,100.788,101.361,101.515,101.585,101.696,101.91,101.956,102.184,102.302,102.6,102.735,102.984,103.042,103.019,103.168
경기도,용인수지구,75.866,75.866,75.866,75.663,75.581,75.568,75.457,75.278,75.354,75.528,75.591,75.796,75.84,75.871,75.929,76.013,76.119,76.119,77.034,77.101,77.417,77.649,77.664,77.733,77.754,77.814,77.921,77.936,78.205,78.881,79.105,79.344,79.362,79.459,79.617,79.492,79.632,79.693,79.745,79.884,80.009,80.39,80.149,80.252,80.252,80.252,80.597,81.006,81.329,81.525,81.525,81.69,82.529,83.47,83.483,83.562,83.929,84.165,84.748,84.949,85.279,86.259,86.59,87.188,88.153,88.259,88.391,88.709,89.016,89.524,90.332,90.746,91.342,91.724,92.131,92.342,92.797,93.131,93.452,93.606,93.738,94.137,94.538,94.806,95.192,95.738,96.149,96.289,96.614,96.846,97.042,97.314,97.479,97.63,97.825,97.915,98.103,98.297,98.411,98.495,98.645,98.787,99.001,99.05,99.173,99.252,99.455,99.627,99.804,100.0,100.195,100.433,100.697,100.897,101.137,101.239,101.502,101.642,101.826,101.975,102.061,102.259,102.401,102.585,102.78,102.889,103.015,103.222,103.427,103.595,103.715
경기도,용인처인구,73.191,73.263,73.319,73.311,73.373,73.517,73.54,73.599,73.656,73.737,73.933,74.056,74.146,74.327,74.338,74.395,74.491,74.549,74.921,74.926,75.077,75.195,75.369,75.396,75.419,75.506,75.58,75.738,75.954,76.072,76.313,76.413,76.52,76.762,76.709,76.851,76.922,77.09,77.044,77.158,77.232,77.48,77.873,78.112,78.281,78.6,78.891,78.989,79.364,79.678,80.148,80.137,80.334,80.282,80.579,80.969,81.674,82.029,82.342,82.589,83.121,83.902,84.28,84.779,85.237,85.334,85.504,86.106,87.43,88.099,88.535,88.829,89.06,89.422,89.519,89.793,90.036,90.346,90.705,91.196,91.56,91.952,92.398,92.63,92.914,93.197,93.633,93.978,94.41,94.6,94.944,95.244,95.703,96.062,96.21,96.272,96.367,96.418,96.445,96.494,96.762,96.943,97.205,97.521,97.936,98.606,98.884,99.202,99.563,100.0,100.332,100.626,101.037,101.285,101.637,101.937,102.212,102.567,102.994,103.315,103.629,103.891,104.156,104.458,104.694,104.898,105.144,105.334,105.563,105.776,106.063
경기도,의왕시,76.294,76.426,76.554,76.554,76.16,77.626,77.626,77.77,77.374,78.657,77.647,77.768,77.768,77.768,77.768,77.916,77.954,77.954,77.053,78.579,78.579,79.579,79.657,79.657,79.701,79.752,79.867,79.867,80.097,82.022,82.23,82.604,82.834,83.283,83.77,83.778,84.107,84.107,84.354,84.75,84.546,84.877,85.231,85.474,85.576,85.917,86.109,86.44,86.79,86.935,87.332,87.805,87.929,88.037,88.153,88.414,88.414,88.901,89.043,89.281,89.686,90.163,90.163,90.163,90.331,90.833,90.872,90.872,91.404,91.735,91.844,92.023,92.426,92.522,92.522,92.731,93.052,93.052,93.262,93.585,93.709,94.237,95.071,95.95,96.378,96.464,96.7,96.991,97.456,97.75,98.131,98.387,98.808,99.166,99.486,99.537,99.615,99.624,99.537,99.514,99.476,99.48,99.422,99.414,99.421,99.506,99.554,99.725,99.882,100.0,100.175,100.261,100.393,100.532,100.687,100.788,100.894,101.087,101.211,101.417,101.756,101.915,102.099,102.325,102.644,102.852,102.944,103.196,103.367,103.624,103.949
경기도,의정부시,77.285,77.635,78.102,77.923,77.603,77.151,77.148,77.215,77.103,77.344,77.802,78.111,78.914,78.863,78.35,78.394,78.295,78.564,78.748,78.744,78.578,78.678,78.678,78.576,78.539,78.857,79.099,79.168,79.473,79.862,79.942,80.096,80.385,80.72,80.937,81.168,81.575,81.992,82.536,82.647,82.679,82.783,83.141,83.357,83.626,83.699,84.143,84.379,84.769,85.077,85.418,85.687,86.031,86.578,87.002,87.373,87.678,88.34,88.572,88.979,89.189,89.511,89.681,90.144,90.195,90.441,90.793,91.155,91.715,91.785,91.972,92.092,92.394,92.788,93.021,93.23,93.492,93.916,94.323,94.779,95.059,95.557,95.966,96.15,96.584,96.911,97.282,97.613,97.921,98.308,98.63,98.919,99.196,99.481,99.675,99.95,99.913,99.867,99.823,99.781,99.767,99.752,99.716,99.685,99.671,99.687,99.735,99.805,99.893,100.0,100.048,100.114,100.213,100.366,100.476,100.602,100.782,100.88,100.991,101.087,101.2,101.299,101.381,101.498,101.579,101.699,101.796,101.915,102.0,102.089,102.243
경기도,이천시,,,,,,,,,,,,,,,,,,,,,,,,,,,,,,,,,,,,,,,,,,,,,,,,,,,,,,,,,,,,,,,,,,,,,,,,,,,,,,,,,,,,,,,,,,,,,,,,99.075,99.192,99.416,99.5,99.503,99.567,99.36,99.492,99.691,99.783,99.805,99.903,99.888,99.896,100.0,100.134,101.415,102.381,103.003,103.895,104.245,104.572,104.777,104.9,105.301,105.655,106.026,106.1,106.32,106.494,106.753,107.064,107.366,107.707,108.018,108.396
경기도,파주시,79.374,79.296,79.315,79.321,79.403,79.425,79.387,79.484,79.465,79.53,79.53,79.684,79.731,79.809,79.968,80.073,80.073,80.292,80.4,80.527,80.56,80.618,80.63,80.754,80.86,80.98,81.074,81.224,81.328,81.614,81.968,82.32,82.845,83.165,83.286,83.496,83.615,83.764,83.976,84.18,84.465,84.74,84.851,85.164,85.411,85.744,85.926,86.231,86.535,86.875,87.192,87.469,87.861,88.087,88.342,88.551,88.855,89.11,89.377,89.598,89.869,90.006,90.232,90.619,90.929,91.344,91.559,91.817,92.126,92.402,92.656,92.88,93.037,93.377,93.59,93.744,94.0,94.522,94.809,95.094,95.389,95.616,95.885,96.153,96.391,96.68,96.946,97.207,97.493,97.832,98.186,98.449,98.732,98.99,99.293,99.461,99.499,99.415,99.292,99.387,99.351,99.679,99.725,99.737,99.846,99.846,99.905,99.891,99.928,100.0,99.999,100.029,100.179,100.363,100.37,100.467,100.584,100.677,100.754,100.9,100.993,101.112,101.195,101.269,101.443,101.522,101.647,101.741,101.839,101.971,102.081
경기도,평택시,68.778,68.824,68.903,69.037,69.152,69.318,69.353,69.423,69.81,70.08,70.449,70.646,70.769,70.972,70.972,71.054,71.206,71.206,71.587,71.792,71.792,72.163,72.413,72.68,72.911,72.976,73.132,73.227,73.333,73.856,73.87,74.27,74.332,74.644,74.911,75.197,75.51,75.673,76.084,76.491,76.608,76.767,76.601,76.907,77.395,77.777,78.229,78.663,79.151,79.534,79.795,79.795,79.857,80.179,80.747,81.428,81.778,82.356,82.73,82.87,83.661,84.658,85.012,85.499,86.238,86.811,87.148,87.603,88.282,88.812,89.09,89.359,89.769,90.249,90.561,90.924,91.294,91.819,92.202,92.698,93.221,93.536,93.939,94.489,94.92,95.405,95.79,96.267,96.5,96.909,97.299,97.812,98.434,98.621,98.89,99.232,99.257,99.238,99.076,98.918,98.887,98.858,98.818,98.914,98.989,99.253,99.433,99.609,99.874,100.0,100.28,100.532,100.772,101.112,101.395,101.553,101.86,102.037,102.104,102.327,102.466,102.674,102.761,102.949,103.015,103.118,103.172,103.232,103.311,103.287,103.281
경기도,하남시,81.588,81.715,81.756,81.816,81.987,82.25,82.343,82.409,82.494,82.708,83.042,83.048,83.194,83.241,83.291,83.327,83.5,83.566,83.674,83.847,83.903,83.94,84.087,84.166,84.286,84.459,84.529,84.662,84.845,85.024,85.166,85.377,85.617,85.813,85.839,86.086,86.195,86.334,86.478,86.593,86.766,86.858,87.134,87.226,87.473,87.673,87.86,88.009,88.33,88.465,88.806,89.126,89.318,89.452,89.809,90.213,90.55,90.974,91.235,91.33,91.427,91.806,91.956,92.35,92.675,92.959,93.064,93.307,93.37,93.627,93.802,93.913,94.051,94.362,94.514,94.673,94.929,95.158,95.384,95.605,95.779,95.908,96.001,96.156,96.485,96.668,96.835,96.948,97.18,97.399,97.594,97.82,98.107,98.379,98.62,98.738,98.768,98.817,98.675,98.774,98.878,98.931,99.0,99.04,99.114,99.305,99.534,99.736,99.867,100.0,100.285,100.438,100.667,100.893,101.236,101.433,101.555,101.799,102.086,102.33,102.585,102.994,103.211,103.568,103.88,104.168,104.353,104.731,105.027,105.247,105.699
경기도,화성시,,,,,,,,,,,,,,,,,,,,,,,,,,,,,,,,,,,,,,,,,,,,,,,,,,,,,,,,,,,,,,,,,,,,,,,,,,,,,,,,,,,,,,,,,,,,,,,,99.106,99.299,99.27,99.176,99.169,99.168,99.18,99.346,99.388,99.409,99.525,99.621,99.759,99.921,100.0,100.176,100.385,100.762,100.994,101.231,101.512,101.726,102.02,102.389,102.513,102.844,103.144,103.305,103.757,103.851,104.149,104.148,104.236,104.455,104.71,104.831
경상남도,김해시,,,,,,,,,,,,,,,,,,,,,,,,,,,,,,,,,,,,,,,,,,,,,,,,,,,,,,,,,,,,,,,,,,,,,,,,,,,,,,,,,,,,,,,,,,,,,,,,99.942,99.882,99.883,99.915,99.939,99.963,99.988,100.025,100.042,100.064,100.051,100.036,100.035,100.019,100.0,99.997,99.998,100.044,100.183,100.301,100.424,100.586,100.714,100.808,100.881,100.978,101.055,101.12,101.207,101.286,101.369,101.468,101.565,101.71,101.781,101.873
경상남도,양산시,,,,,,,,,,,,,,,,,,,,,,,,,,,,,,,,,,,,,,,,,,,,,,,,,,,,,,,,,,,,,,,,,,,,,,,,,,,,,,,,,,,,,,,,,,,,,,,,100.164,100.155,100.131,100.13,100.075,100.066,100.012,99.971,99.873,99.851,99.84,99.858,99.938,99.952,100.0,100.051,100.059,100.136,100.318,100.318,100.647,100.89,101.042,101.314,101.561,101.659,101.918,101.96,102.034,102.04,102.074,102.117,102.132,102.16,102.224,102.309
경상북도,경산시,,,,,,,,,,,,,,,,,,,,,,,,,,,,,,,,,,,,,,,,,,,,,,,,,,,,,,,,,,,,,,,,,,,,,,,,,,,,,,,,,,,,,,,,,,,,,,,,99.563,99.593,99.589,99.591,99.587,99.501,99.589,99.614,99.624,99.643,99.709,99.732,99.855,99.92,100.0,100.044,100.109,100.195,100.289,100.369,100.531,100.603,100.703,100.771,100.932,100.988,101.036,101.059,101.13,101.168,101.212,101.244,101.295,101.332,101.367,101.417
광주광역시,광산구,64.785,65.054,65.15,65.24,65.545,65.728,65.966,65.897,66.673,66.961,67.125,67.246,67.525,67.843,68.265,68.52,68.837,69.128,69.243,70.115,70.609,71.092,71.514,71.666,72.601,73.465,74.314,74.861,75.459,75.69,76.391,77.616,78.465,79.386,79.937,80.177,80.777,81.293,81.705,81.65,82.202,82.538,82.741,82.859,83.1,83.23,84.27,84.855,85.519,86.191,86.496,86.912,87.424,87.987,88.292,88.733,89.253,89.462,89.755,89.837,90.635,91.215,91.968,92.576,92.201,92.583,92.28,92.497,92.71,93.111,93.456,93.931,94.038,94.227,94.623,94.794,94.99,95.126,95.403,95.807,96.014,96.38,96.657,96.849,96.994,97.26,97.623,97.901,98.156,98.371,98.486,98.717,98.944,99.461,99.662,99.798,99.601,99.603,99.595,99.588,99.587,99.541,99.561,99.477,99.457,99.438,99.466,99.537,99.627,100.0,100.214,100.305,100.534,100.629,100.728,100.751,100.773,100.903,101.017,101.323,101.397,101.56,101.606,101.751,101.79,101.936,101.951,102.085,102.331,102.429,102.462
광주광역시,남구,67.703,67.835,68.086,68.33,68.714,68.714,69.062,69.08,69.286,69.286,69.288,69.288,69.682,69.944,69.963,69.963,70.08,69.949,69.949,69.964,69.964,69.964,70.022,70.022,70.452,71.251,71.251,70.922,70.775,71.426,72.29,73.217,73.356,73.826,73.934,74.395,75.354,75.401,75.968,77.414,77.692,78.778,79.917,80.336,80.835,80.835,81.491,83.763,84.989,85.516,86.501,86.501,86.965,87.007,87.118,87.611,88.096,88.375,88.828,89.319,89.466,89.756,90.606,90.843,91.078,91.313,91.466,92.151,93.02,93.282,93.422,93.77,94.091,94.318,94.419,94.591,94.672,94.883,95.185,95.464,95.846,96.154,96.4,96.635,96.965,97.297,97.623,97.812,98.064,98.464,98.811,99.058,99.357,99.527,99.619,99.626,99.452,99.426,99.462,99.436,99.427,99.479,99.334,99.391,99.391,99.429,99.581,99.62,99.748,100.0,100.254,100.464,100.493,100.705,100.828,100.861,101.119,101.193,101.219,101.333,101.495,101.572,101.613,101.687,101.673,101.682,101.706,101.674,101.755,101.858,101.92
광주광역시,동구,80.106,80.207,80.341,80.469,80.596,80.749,80.926,81.058,81.152,81.238,81.328,81.404,81.508,81.687,81.817,81.909,82.097,82.18,82.238,82.356,82.618,82.771,82.951,83.115,83.3,83.525,83.639,83.852,84.041,84.267,84.439,84.708,84.912,85.284,85.506,85.556,85.661,85.815,86.02,86.243,86.441,86.721,87.005,87.287,87.614,87.826,88.081,88.58,88.962,89.415,89.779,90.078,90.469,90.831,91.152,91.48,91.849,92.124,92.361,92.653,92.93,93.236,93.495,93.78,94.013,94.232,94.483,94.671,94.887,95.076,95.317,95.567,95.806,96.079,96.283,96.459,96.675,96.876,97.078,97.253,97.471,97.676,97.888,98.077,98.259,98.455,98.648,98.807,99.0,99.184,99.383,99.583,99.788,99.949,100.124,100.257,100.264,100.237,100.19,100.143,100.096,100.051,100.002,99.965,99.945,99.902,99.888,99.912,99.963,100.0,100.011,100.06,100.097,100.124,100.157,100.198,100.28,100.346,100.411,100.475,100.538,100.619,100.666,100.696,100.7,100.673,100.644,100.695,100.704,100.661,100.568
광주광역시,북구,72.234,72.252,72.303,72.303,72.303,72.303,72.047,72.047,71.95,72.061,72.174,72.236,72.538,72.608,72.551,72.517,72.561,72.693,72.629,72.738,72.646,72.744,72.751,72.774,72.975,73.186,73.277,73.336,73.684,73.822,74.274,74.46,75.0,75.579,75.958,76.058,76.181,76.276,76.419,76.875,77.131,77.519,78.167,78.647,78.647,79.104,79.398,79.499,79.756,79.894,80.109,80.4,80.632,81.076,81.504,81.622,81.915,82.077,82.185,82.277,82.509,82.723,83.003,83.13,83.383,83.619,83.784,84.035,85.404,86.549,87.7,88.594,89.801,90.629,91.477,92.022,92.707,93.41,94.14,94.583,95.258,95.736,95.968,96.6,96.865,97.177,97.409,97.872,98.227,98.376,98.761,99.098,99.368,99.67,99.818,99.844,99.851,99.901,99.901,99.884,99.828,99.773,99.668,99.514,99.62,99.643,99.608,99.777,99.759,100.0,100.026,100.132,100.104,100.145,100.145,100.218,100.352,100.419,100.498,100.569,100.583,100.677,100.745,100.887,101.058,101.154,101.191,101.232,101.242,101.215,101.167
광주광역시,서구,73.342,73.345,73.606,73.452,74.015,74.148,74.223,74.471,74.712,74.858,75.043,75.257,75.413,75.297,75.507,75.542,75.673,75.879,76.011,76.403,76.611,77.043,77.365,77.747,78.022,78.047,78.214,78.418,78.715,78.855,79.097,79.415,79.775,80.149,80.443,80.791,80.926,81.196,81.459,81.631,81.956,82.454,82.794,83.053,83.421,83.717,83.984,84.447,85.059,85.276,85.594,86.067,86.409,86.646,86.975,87.353,87.586,87.936,88.198,88.842,89.336,89.587,90.021,90.231,90.523,90.724,90.885,91.31,91.613,91.88,92.112,92.447,92.883,93.3,93.722,94.074,94.384,94.644,94.892,95.126,95.319,95.685,95.996,96.222,96.448,96.661,96.891,97.152,97.357,97.575,97.8,98.126,98.341,98.588,98.808,98.927,98.975,98.976,98.964,98.983,98.983,99.0,99.039,99.041,99.06,99.056,99.078,99.423,99.756,100.0,100.284,100.481,100.697,100.89,101.1,101.245,101.376,101.488,101.599,101.693,101.811,101.901,101.962,101.997,102.047,102.09,102.14,102.204,102.251,102.314,102.338
대구광역시,남구,75.766,75.772,76.122,76.293,76.57,76.741,76.953,77.29,77.573,77.573,77.762,78.173,78.33,78.53,78.624,78.748,78.842,79.095,79.477,79.721,79.93,80.019,80.182,80.361,80.83,80.886,81.03,81.366,81.743,82.091,82.284,82.586,82.849,83.305,83.584,83.842,83.992,84.331,84.615,84.722,85.182,85.484,85.824,86.105,86.336,86.586,86.818,87.031,87.564,87.859,88.021,88.158,88.505,88.896,89.262,89.662,89.959,90.356,90.727,91.117,91.358,91.603,91.893,92.121,92.24,92.321,92.516,92.717,93.071,93.438,93.771,94.036,94.378,94.829,95.205,95.459,95.638,96.024,96.229,96.444,96.704,96.913,97.111,97.304,97.45,97.896,98.153,98.423,98.636,98.907,99.131,99.418,99.611,99.864,100.006,100.123,100.163,100.156,100.121,100.075,100.033,100.022,100.014,99.979,99.978,99.98,99.967,99.964,99.986,100.0,100.043,100.069,100.119,100.176,100.233,100.348,100.463,100.558,100.616,100.648,100.759,100.806,100.866,100.884,100.915,100.972,101.063,101.061,101.094,101.131,101.163
대구광역시,달서구,75.183,75.183,75.183,75.274,75.568,75.764,75.912,76.153,76.283,76.795,76.795,76.795,76.949,76.718,76.935,77.068,77.262,77.262,77.262,77.262,77.51,78.005,78.005,78.005,78.005,78.03,78.454,78.651,78.651,78.651,79.11,80.023,80.023,80.419,80.611,80.821,80.821,81.369,81.382,81.691,81.691,82.015,82.43,82.831,83.737,83.737,84.346,84.346,84.544,85.668,86.531,87.044,88.642,89.264,89.511,89.604,89.718,89.718,90.012,90.384,91.101,91.58,92.634,93.536,93.498,93.789,94.066,94.066,94.397,94.777,94.987,95.25,95.883,96.177,96.177,96.443,96.629,96.629,97.116,97.383,97.383,97.654,97.922,97.922,98.159,96.835,97.102,97.102,97.793,98.316,98.705,99.029,99.245,99.461,99.678,99.799,99.838,99.848,99.827,99.743,99.668,99.623,99.604,99.606,99.627,99.688,99.766,99.879,99.952,100.0,100.074,100.144,100.214,100.311,100.381,100.464,100.544,100.611,100.676,100.752,100.817,100.885,100.939,100.989,101.042,101.107,101.188,101.236,101.267,101.288,101.322
대구광역시,달성군,86.005,86.035,85.97,86.036,86.057,85.937,85.971,86.081,86.217,86.216,86.234,86.243,86.224,86.261,86.28,86.459,86.537,86.532,86.595,86.626,86.592,86.649,86.696,86.833,86.955,87.063,87.15,87.273,87.379,87.496,87.604,87.669,87.834,87.942,88.15,88.303,88.489,88.737,88.876,89.034,89.24,89.452,89.634,89.866,90.085,90.347,90.545,90.847,91.095,91.364,91.753,92.058,92.127,92.41,92.686,92.948,93.188,93.434,93.57,93.667,93.757,93.878,94.041,94.202,94.412,94.541,94.702,94.974,95.141,95.265,95.345,95.416,95.497,95.715,95.849,95.969,96.171,96.372,96.673,96.859,97.067,97.317,97.49,97.656,97.821,98.019,98.229,98.377,98.563,98.77,98.928,99.12,99.284,99.491,99.617,99.636,99.695,99.675,99.559,99.431,99.438,99.341,99.357,99.427,99.541,99.655,99.713,99.674,99.847,100.0,100.038,100.057,100.088,100.12,100.16,100.273,100.258,100.349,100.412,100.402,100.469,100.496,100.547,100.6,100.646,100.732,100.829,100.877,100.934,100.986,101.065
대구광역시,동구,73.169,73.341,73.222,73.466,73.601,73.601,73.723,73.611,73.88,74.215,74.201,75.147,75.529,75.712,76.035,76.219,76.502,76.854,77.087,77.277,77.543,77.803,78.131,78.441,78.408,78.587,78.787,79.064,79.305,79.49,79.738,79.915,80.269,80.536,80.793,81.222,81.738,82.087,82.345,82.572,82.918,83.295,83.71,83.925,84.22,84.471,84.881,85.151,85.765,86.127,86.388,86.58,86.857,87.172,87.561,88.187,88.552,89.077,89.466,89.908,90.195,90.517,90.995,91.287,91.496,91.615,91.779,91.942,92.218,92.523,92.758,92.92,93.194,93.515,93.818,94.081,94.331,94.636,94.946,95.312,95.561,95.846,96.198,96.614,96.927,97.228,97.552,97.819,98.07,98.298,98.576,98.815,99.06,99.3,99.575,99.623,99.645,99.624,99.612,99.563,99.512,99.512,99.552,99.597,99.579,99.588,99.726,99.856,99.943,100.0,100.082,100.166,100.252,100.338,100.441,100.53,100.634,100.726,100.806,100.87,100.95,101.015,101.06,101.165,101.278,101.395,101.491,101.569,101.632,101.685,101.727
대구광역시,북구,67.879,68.213,68.49,68.565,68.866,69.035,69.229,69.359,69.719,69.929,70.116,70.343,70.577,70.808,71.067,71.255,71.53,71.77,72.015,72.336,72.495,72.66,72.965,73.16,73.347,73.59,73.769,73.953,74.187,74.416,74.627,74.916,75.278,75.619,75.989,76.345,76.749,77.041,77.451,77.746,78.092,78.787,79.256,79.636,79.964,80.294,80.721,81.14,81.571,82.099,82.511,82.755,83.158,83.514,84.02,84.411,84.887,85.244,85.551,86.078,86.586,87.297,87.801,87.996,88.173,88.398,88.69,89.039,89.391,89.794,90.099,90.425,90.862,91.353,91.701,92.047,92.398,92.88,93.441,93.97,94.463,94.972,95.432,95.872,96.42,96.906,97.281,97.579,97.939,98.302,98.608,98.926,99.276,99.545,99.715,99.853,99.874,99.869,99.827,99.781,99.747,99.711,99.699,99.695,99.698,99.733,99.831,99.867,99.945,100.0,100.064,100.126,100.163,100.225,100.309,100.36,100.458,100.515,100.599,100.691,100.792,100.865,100.926,100.991,101.052,101.135,101.204,101.267,101.306,101.349,101.392
대구광역시,서구,75.263,75.565,75.64,75.915,76.173,76.534,76.729,76.893,77.535,77.847,78.105,78.378,78.761,79.069,79.294,79.488,79.764,79.891,80.103,80.263,80.611,81.007,81.266,81.294,81.691,82.093,82.486,82.618,82.786,82.894,83.064,83.286,83.549,83.788,84.031,84.288,84.516,84.721,84.799,85.006,85.337,85.459,85.723,86.027,86.199,86.469,86.746,87.209,87.502,87.817,88.169,88.377,88.666,88.94,89.241,89.478,89.735,90.22,90.685,91.084,91.622,92.154,92.528,92.835,92.975,92.927,92.878,93.111,93.431,93.625,93.877,94.137,94.371,94.908,95.158,95.459,95.744,96.127,96.463,96.796,97.026,97.225,97.399,97.588,97.773,98.077,98.276,98.445,98.701,98.947,99.18,99.437,99.651,99.832,99.978,100.111,100.136,100.131,100.122,100.038,99.969,99.963,99.96,99.949,99.948,99.945,99.938,99.95,99.968,100.0,100.03,100.048,100.103,100.194,100.298,100.371,100.43,100.468,100.518,100.562,100.596,100.638,100.684,100.735,100.803,100.861,100.914,100.949,100.972,100.999,101.035
대구광역시,수성구,69.181,69.323,69.467,69.618,69.812,69.959,70.179,70.421,70.692,70.912,71.179,71.393,71.628,72.018,72.422,72.659,72.99,73.238,73.5,73.772,74.087,74.305,74.503,74.678,74.954,75.223,75.413,75.677,75.967,76.242,76.582,76.888,77.286,77.766,78.149,78.488,78.888,79.156,79.411,79.745,80.265,80.629,81.102,81.644,82.112,82.514,82.85,83.307,83.873,84.279,84.651,84.992,85.226,85.482,85.803,86.056,86.357,86.553,86.757,87.026,87.345,87.721,88.073,88.302,88.596,88.921,89.137,89.399,89.736,90.071,90.456,90.857,91.172,91.592,91.994,92.364,92.76,93.143,93.598,94.02,94.475,94.916,95.387,95.86,96.313,96.706,97.03,97.433,97.81,98.17,98.491,98.885,99.161,99.368,99.545,99.722,99.767,99.748,99.727,99.665,99.611,99.557,99.502,99.486,99.547,99.624,99.746,99.846,99.927,100.0,100.064,100.141,100.206,100.304,100.418,100.54,100.709,100.868,101.033,101.184,101.341,101.474,101.622,101.749,101.889,102.011,102.149,102.265,102.384,102.5,102.603
대구광역시,중구,73.688,73.858,74.091,74.355,74.625,74.858,74.998,75.259,75.539,75.733,75.958,76.186,76.354,76.598,76.683,76.891,77.11,77.366,77.567,77.883,78.084,78.275,78.599,78.802,79.129,79.369,79.657,79.925,80.194,80.52,80.823,81.137,81.386,81.568,81.852,82.178,82.468,82.728,83.058,83.306,83.659,83.941,84.275,84.485,84.817,85.11,85.438,85.775,86.191,86.559,86.814,87.072,87.381,87.835,88.195,88.477,88.848,89.157,89.402,89.719,90.052,90.301,90.568,90.866,91.012,91.173,91.349,91.529,91.721,92.061,92.453,92.794,93.106,93.511,93.836,94.166,94.55,94.842,95.233,95.512,95.798,96.151,96.477,96.768,97.042,97.27,97.505,97.77,98.002,98.304,98.616,98.937,99.19,99.474,99.639,99.773,99.778,99.763,99.74,99.691,99.66,99.673,99.675,99.687,99.697,99.73,99.801,99.887,99.935,100.0,100.077,100.154,100.219,100.292,100.379,100.481,100.587,100.696,100.806,100.91,101.015,101.121,101.211,101.309,101.413,101.496,101.586,101.654,101.73,101.782,101.886
대전광역시,동구,79.127,79.189,79.266,79.319,79.356,79.362,79.464,79.533,79.593,79.586,79.61,79.716,79.727,80.049,80.109,80.2,80.296,80.374,80.466,80.607,80.708,80.806,80.765,80.852,80.923,80.971,81.158,81.199,81.274,81.369,81.526,81.622,82.081,82.192,82.59,82.861,82.718,83.585,84.025,84.232,84.347,84.499,84.692,84.825,84.968,85.213,85.478,85.59,85.756,85.999,86.038,86.218,86.428,86.583,86.78,87.024,87.243,87.451,87.499,87.672,87.813,88.101,88.32,88.729,89.067,89.404,89.726,90.001,90.29,90.57,90.872,91.377,91.816,92.29,92.601,92.916,93.155,93.471,93.918,94.23,94.535,94.863,95.186,95.495,95.858,96.24,96.569,96.981,97.383,97.745,98.141,98.505,98.758,99.01,99.214,99.271,99.178,99.061,99.024,98.972,98.995,99.029,99.068,99.087,99.194,99.25,99.413,99.54,99.716,100.0,100.263,100.392,100.533,100.638,100.695,100.766,100.822,100.87,100.905,100.922,100.94,100.953,100.996,101.064,101.098,101.21,101.303,101.395,101.526,101.667,101.831
대전광역시,서구,77.199,77.113,77.174,77.145,77.151,77.082,77.262,77.602,77.616,77.69,77.651,77.787,77.965,78.097,78.204,78.154,78.478,78.761,78.873,78.977,79.037,79.12,79.354,79.358,79.583,79.699,79.871,80.056,80.353,80.542,80.627,80.696,80.97,81.129,81.399,81.647,81.956,82.386,82.723,82.966,83.199,83.378,83.573,83.754,84.021,84.318,84.979,85.36,85.544,85.717,86.061,86.126,86.328,86.413,86.527,86.77,87.061,87.581,87.896,88.35,88.832,89.091,89.537,89.932,90.332,90.539,90.835,91.174,91.519,91.844,92.114,92.426,92.746,93.087,93.484,93.833,94.195,94.594,94.878,95.24,95.48,95.769,96.041,96.289,96.507,96.779,97.159,97.498,97.782,98.174,98.586,98.835,99.097,99.35,99.503,99.557,99.366,99.268,99.201,99.082,99.113,99.177,99.218,99.308,99.442,99.519,99.595,99.69,99.818,100.0,100.172,100.327,100.411,100.536,100.742,100.862,100.958,101.004,101.079,101.185,101.267,101.35,101.478,101.578,101.667,101.832,101.927,102.016,102.086,102.185,102.281
대전광역시,유성구,64.446,64.43,64.68,64.823,64.843,65.136,65.397,65.958,66.515,66.7,67.092,67.334,68.319,68.694,68.99,69.24,69.743,69.897,70.251,70.567,70.94,71.129,71.319,71.602,71.644,71.868,72.433,72.818,72.863,73.382,73.362,73.604,73.879,74.138,74.592,74.943,75.373,75.741,75.961,76.098,76.466,76.613,76.846,77.12,77.497,77.773,78.111,78.28,78.597,78.83,79.093,79.377,79.61,79.898,80.294,80.803,81.236,81.561,81.871,82.311,82.963,83.448,84.163,84.923,85.31,85.615,86.05,86.372,86.903,87.402,87.913,88.445,88.984,89.409,89.907,90.358,90.885,91.388,91.906,92.355,92.848,93.403,93.81,94.334,94.999,95.554,95.942,96.367,96.816,97.139,97.573,97.891,98.262,98.545,98.755,98.7,98.708,98.788,98.655,98.625,98.712,98.657,98.874,99.012,99.113,99.291,99.448,99.73,99.808,100.0,100.275,100.43,100.322,100.498,100.764,100.857,101.037,101.529,101.579,101.664,101.934,102.125,102.166,102.534,102.6,102.75,102.86,103.024,103.072,102.95,103.072
대전광역시,중구,74.74,75.068,75.258,75.311,75.566,75.974,76.071,76.365,77.001,77.01,77.119,77.18,77.376,77.654,77.839,77.939,78.084,78.34,78.59,78.805,79.018,79.181,79.53,79.696,79.893,80.148,80.138,80.539,80.711,80.686,81.327,81.59,81.724,81.897,82.068,82.39,82.637,82.799,82.933,83.14,83.26,83.384,83.508,83.805,83.949,84.158,84.364,84.496,84.648,84.817,84.939,84.974,85.189,85.545,85.799,86.034,86.264,86.747,87.484,88.3,88.744,89.319,89.745,90.603,91.009,91.172,91.571,92.119,92.439,92.814,93.135,93.327,93.664,93.972,94.221,94.545,95.06,95.479,95.848,96.2,96.507,96.959,97.298,97.625,98.023,98.402,98.653,98.912,99.258,99.447,99.763,100.158,100.403,100.544,100.639,100.63,100.46,100.163,100.015,99.898,99.832,99.716,99.666,99.586,99.577,99.635,99.661,99.804,99.918,100.0,100.09,100.192,100.225,100.353,100.376,100.344,100.351,100.321,100.292,100.193,100.157,100.118,100.203,100.263,100.326,100.396,100.496,100.569,100.674,100.795,100.916
부산광역시,강서구,64.029,64.311,64.655,64.272,64.406,64.196,64.596,65.102,65.674,66.268,66.377,66.861,66.967,67.24,67.649,67.96,68.445,68.692,68.81,69.466,69.882,70.201,70.544,71.383,71.512,71.856,72.181,72.567,72.978,73.198,73.856,74.879,75.318,76.334,77.09,78.076,78.887,79.249,79.745,80.307,80.481,81.272,81.887,82.585,82.997,83.45,83.622,84.357,85.043,85.415,86.237,86.787,87.18,87.288,88.155,88.696,88.918,89.455,89.848,90.276,90.35,90.584,90.914,91.009,91.104,91.306,91.595,91.599,91.918,92.044,92.221,92.447,92.64,92.787,93.042,93.192,93.519,93.863,94.062,94.446,94.741,95.02,95.402,95.655,95.87,96.135,96.323,96.827,97.111,97.832,98.38,98.809,98.926,99.247,99.37,99.439,99.346,99.4,99.472,99.574,99.652,99.706,99.775,99.836,99.878,99.859,99.893,99.891,99.922,100.0,100.042,100.058,100.124,100.254,100.301,100.373,100.559,100.509,100.697,100.777,101.181,101.193,101.426,101.524,101.646,101.853,102.043,102.076,102.221,102.469,102.536
부산광역시,금정구,72.272,72.537,72.64,72.701,72.894,73.017,73.15,73.388,73.621,73.793,73.842,74.12,74.253,74.45,74.593,74.709,74.974,75.279,75.473,75.747,76.015,76.32,76.555,76.806,77.123,77.407,77.649,78.001,78.281,78.517,78.92,79.541,80.173,80.562,81.109,81.568,82.255,82.752,83.226,83.567,83.823,84.171,84.498,84.997,85.374,85.826,86.241,86.566,87.05,87.474,87.743,88.047,88.347,88.734,89.085,89.387,89.681,89.954,90.251,90.579,90.911,91.138,91.448,91.753,92.022,92.337,92.692,92.978,93.275,93.504,93.62,93.79,93.993,94.171,94.298,94.578,94.816,95.158,95.369,95.549,95.839,96.185,96.568,96.891,97.165,97.426,97.669,97.881,98.236,98.619,98.929,99.056,99.256,99.395,99.54,99.714,99.747,99.826,99.806,99.812,99.814,99.814,99.841,99.846,99.858,99.884,99.915,99.925,99.959,100.0,100.02,100.042,100.115,100.244,100.364,100.512,100.664,100.809,100.894,101.028,101.134,101.226,101.318,101.404,101.519,101.613,101.705,101.836,101.942,102.041,102.132
부산광역시,기장군,75.291,75.429,75.588,75.731,75.889,76.005,76.179,76.292,76.566,76.801,77.017,77.069,77.325,77.53,77.748,78.011,78.256,78.532,78.809,79.003,79.297,79.497,79.741,79.974,80.186,80.376,80.584,80.862,81.123,81.335,81.516,81.729,82.019,82.361,82.67,82.931,83.23,83.489,83.781,84.021,84.201,84.402,84.617,84.895,85.143,85.47,85.829,86.229,86.731,87.177,87.542,87.732,88.233,88.638,89.142,89.778,90.234,90.488,90.82,91.084,91.426,91.777,92.093,92.278,92.459,92.628,92.824,93.035,93.284,93.501,93.73,93.992,94.226,94.445,94.634,94.861,95.093,95.36,95.606,95.884,96.28,96.507,96.869,97.211,97.474,97.789,98.057,98.304,98.546,98.74,98.975,99.264,99.399,99.566,99.726,99.839,99.827,99.8,99.801,99.8,99.89,99.935,99.861,99.925,100.069,100.101,100.101,100.091,100.051,100.0,99.864,99.89,99.856,99.936,99.918,99.921,99.973,100.12,100.175,100.368,100.567,100.75,100.784,100.889,100.922,100.926,100.953,101.059,101.19,101.24,101.406
부산광역시,남구,66.05,66.294,66.359,66.481,66.76,66.989,67.016,67.271,67.431,67.622,67.676,67.849,67.98,68.075,68.273,68.477,68.763,69.06,69.462,69.828,70.171,70.5,71.048,71.265,71.475,71.658,71.942,72.521,72.651,72.954,73.419,73.751,74.202,74.891,75.535,76.036,76.447,76.881,77.316,77.881,78.582,78.996,79.701,80.227,80.76,81.275,81.442,81.574,82.183,82.456,82.837,83.507,83.755,84.109,84.366,84.628,85.208,85.013,85.262,85.591,86.472,86.966,87.427,87.433,87.299,87.049,87.116,87.436,87.598,88.031,88.549,89.137,89.908,90.787,91.161,91.592,91.992,92.46,92.961,93.338,93.905,94.403,94.888,95.515,95.888,96.289,96.704,96.952,97.443,97.915,98.35,98.792,99.177,99.474,99.762,99.818,99.837,99.841,99.9,99.87,99.917,99.866,99.827,99.713,99.682,99.747,99.791,99.855,99.915,100.0,100.044,100.073,100.116,100.184,100.293,100.379,100.531,100.671,100.846,101.045,101.106,101.188,101.317,101.352,101.401,101.422,101.545,101.622,101.71,101.84,101.948
부산광역시,동구,73.019,73.332,73.588,73.692,73.779,73.928,74.112,74.251,74.354,74.481,74.719,74.927,75.167,75.324,75.496,75.623,75.863,76.08,76.271,76.416,76.564,76.681,76.9,77.101,77.386,77.566,77.869,78.238,78.535,79.076,79.516,79.794,80.283,80.701,81.067,81.425,82.053,82.557,82.937,83.362,83.795,84.239,84.753,85.18,85.669,86.141,86.447,86.905,87.26,87.7,88.078,88.301,88.633,88.986,89.166,89.324,89.551,89.838,90.053,90.3,90.445,90.656,90.88,91.238,91.391,91.637,91.746,92.003,92.424,92.751,93.093,93.417,93.96,94.515,94.713,94.957,95.307,95.584,95.815,96.097,96.356,96.605,96.931,97.231,97.521,97.804,98.042,98.256,98.526,98.749,98.923,99.111,99.333,99.538,99.694,99.747,99.777,99.796,99.815,99.826,99.8,99.793,99.766,99.75,99.823,99.897,99.961,100.028,100.008,100.0,99.951,99.95,99.992,100.03,100.082,100.155,100.24,100.356,100.481,100.592,100.702,100.812,100.88,100.961,101.033,101.096,101.163,101.231,101.316,101.417,101.506
부산광역시,동래구,68.872,69.009,69.206,69.416,69.551,69.834,70.078,70.324,70.582,70.785,71.019,71.295,71.473,71.728,71.947,72.134,72.326,72.525,72.802,73.016,73.188,73.465,73.762,74.244,74.696,75.014,75.176,75.393,75.828,76.212,76.612,77.139,77.703,78.216,78.651,78.977,79.458,79.881,80.367,80.843,81.154,81.464,81.794,82.175,82.605,82.946,83.371,83.817,84.168,84.554,85.0,85.371,85.691,86.076,86.438,86.782,87.113,87.412,87.684,88.007,88.282,88.673,89.074,89.389,89.732,90.089,90.442,90.855,91.173,91.479,91.801,92.288,92.758,93.16,93.494,93.798,94.073,94.408,94.7,94.996,95.372,95.755,96.103,96.364,96.644,96.946,97.237,97.506,97.889,98.272,98.669,98.966,99.231,99.406,99.577,99.675,99.758,99.818,99.876,99.885,99.838,99.818,99.844,99.863,99.847,99.89,99.936,99.955,99.976,100.0,99.993,99.993,100.058,100.137,100.32,100.47,100.657,100.877,100.984,101.126,101.245,101.398,101.567,101.689,101.812,101.97,102.102,102.243,102.356,102.516,102.653
부산광역시,부산진구,69.213,69.248,69.382,69.455,69.682,69.789,69.998,70.334,70.559,70.781,70.869,71.032,71.268,71.443,71.524,71.718,71.977,72.167,72.507,72.791,73.013,73.22,73.494,73.892,74.074,74.216,74.366,74.603,74.884,75.262,75.821,76.406,76.944,77.446,77.946,78.323,78.54,78.825,79.143,79.392,79.834,80.069,80.48,81.011,81.36,81.583,82.037,82.429,82.731,83.149,83.429,83.69,83.835,83.976,84.2,84.319,84.365,84.571,84.778,85.114,85.558,86.332,86.836,87.241,87.657,87.81,88.032,88.248,88.695,89.143,89.488,89.981,90.846,91.53,91.829,92.177,92.568,92.975,93.496,94.156,94.512,94.893,95.375,95.875,96.356,96.877,97.192,97.613,98.029,98.396,98.846,99.234,99.595,99.888,100.211,100.299,100.284,100.161,100.085,100.049,100.049,100.053,100.013,99.94,99.925,99.924,99.957,99.979,99.994,100.0,99.998,100.003,100.213,100.323,100.5,100.71,100.883,100.986,101.092,101.34,101.428,101.521,101.616,101.698,101.802,101.906,102.068,102.222,102.482,102.6,102.772
부산광역시,북구,77.726,77.868,77.935,77.999,78.084,78.181,78.313,78.43,78.588,78.751,78.887,79.016,79.196,79.38,79.55,79.712,79.983,80.109,80.349,80.538,80.658,80.925,81.128,81.373,81.632,81.894,82.163,82.458,82.708,83.056,83.502,83.89,84.218,84.465,84.874,85.154,85.54,85.914,86.189,86.434,86.771,87.124,87.444,87.735,88.065,88.416,88.687,88.982,89.164,89.528,89.778,90.009,90.376,90.767,91.06,91.27,91.474,91.687,91.85,92.037,92.179,92.396,92.614,92.829,92.922,93.005,93.062,93.149,93.375,93.546,93.769,93.948,94.264,94.522,94.781,94.953,95.202,95.404,95.719,96.021,96.299,96.586,96.887,97.111,97.285,97.508,97.728,97.954,98.206,98.505,98.817,99.039,99.267,99.467,99.6,99.765,99.782,99.786,99.768,99.771,99.773,99.78,99.823,99.839,99.907,99.945,99.967,99.996,99.987,100.0,100.01,100.061,100.175,100.33,100.452,100.601,100.706,100.815,100.9,100.965,101.053,101.139,101.23,101.335,101.414,101.525,101.596,101.655,101.741,101.82,101.894
부산광역시,사상구,75.068,75.195,75.322,75.399,75.472,75.571,75.709,75.79,75.883,76.046,76.209,76.355,76.519,76.788,77.0,77.136,77.364,77.514,77.665,78.102,78.238,78.44,78.579,78.719,79.003,79.3,79.481,79.793,80.053,80.275,80.692,81.133,81.561,82.052,82.596,82.976,83.435,83.869,84.325,84.663,85.092,85.529,85.999,86.284,86.675,86.919,87.196,87.661,88.038,88.251,88.548,88.842,89.128,89.318,89.676,89.997,90.283,90.55,90.844,91.152,91.508,91.797,92.088,92.373,92.612,92.804,93.021,93.358,93.593,93.721,93.919,94.09,94.273,94.569,94.772,95.091,95.352,95.595,95.864,96.09,96.369,96.595,96.862,97.07,97.284,97.42,97.695,97.98,98.193,98.446,98.741,98.969,99.25,99.451,99.618,99.765,99.817,99.774,99.81,99.813,99.833,99.843,99.87,99.878,99.917,99.938,99.968,99.994,100.011,100.0,100.003,100.021,100.06,100.145,100.233,100.316,100.433,100.523,100.595,100.655,100.706,100.759,100.828,100.877,100.976,101.091,101.176,101.271,101.392,101.473,101.553
부산광역시,사하구,72.65,72.681,72.851,72.963,73.077,73.215,73.317,73.531,73.624,73.802,73.967,74.108,74.302,74.517,74.636,74.816,74.916,75.045,75.216,75.345,75.539,75.651,75.884,76.183,76.498,76.752,76.961,77.135,77.384,77.62,78.042,78.377,78.793,79.26,79.639,80.011,80.399,80.821,81.121,81.399,81.77,82.05,82.5,82.776,83.057,83.446,83.854,84.46,84.996,85.577,86.341,86.599,87.158,87.617,88.099,88.441,88.609,89.021,89.395,89.752,90.052,90.485,90.847,91.052,91.46,91.628,92.072,92.331,92.637,92.943,93.218,93.456,93.789,94.095,94.329,94.595,94.892,95.238,95.553,95.945,96.3,96.678,97.022,97.257,97.487,97.727,97.934,98.142,98.423,98.667,98.943,99.229,99.456,99.674,99.868,100.003,100.011,100.008,99.987,99.975,99.968,99.968,99.968,99.978,99.977,99.985,100.003,100.009,100.012,100.0,99.997,99.996,100.019,100.112,100.202,100.267,100.339,100.389,100.444,100.5,100.551,100.589,100.617,100.677,100.724,100.776,100.831,100.88,100.964,101.051,101.154
부산광역시,서구,74.304,74.424,74.511,74.706,74.847,74.987,75.194,75.381,75.635,75.696,75.854,76.033,76.301,76.585,76.767,76.952,77.267,77.409,77.534,77.755,77.934,78.152,78.482,78.61,78.858,79.059,79.263,79.518,79.932,80.256,80.652,81.174,81.755,82.174,82.68,83.112,83.497,83.765,83.98,84.24,84.728,85.233,85.639,86.065,86.493,86.807,87.261,87.695,88.032,88.354,88.551,88.973,89.375,89.737,90.126,90.614,90.867,91.184,91.367,91.458,91.689,91.778,91.919,92.257,92.487,92.569,92.635,92.86,93.078,93.3,93.495,93.768,94.066,94.381,94.709,95.028,95.292,95.636,95.88,96.21,96.481,96.857,97.18,97.484,97.762,98.079,98.305,98.513,98.731,98.952,99.146,99.4,99.592,99.802,99.966,100.032,100.01,100.005,99.993,99.985,99.984,99.979,99.986,99.98,99.979,99.969,99.968,99.972,99.987,100.0,99.996,100.034,100.076,100.126,100.189,100.294,100.449,100.547,100.658,100.765,100.852,100.91,100.978,101.027,101.097,101.144,101.196,101.284,101.363,101.412,101.454
부산광역시,수영구,67.474,67.669,67.77,67.907,68.09,68.331,68.523,68.784,69.065,69.239,69.382,69.49,69.662,69.923,70.069,70.264,70.415,70.639,70.886,71.152,71.38,71.66,71.903,72.256,72.602,72.98,73.188,73.463,73.866,74.508,75.098,75.729,76.322,76.779,77.467,77.95,78.462,78.952,79.301,79.934,80.234,80.682,80.97,81.475,81.923,82.334,82.896,83.183,83.545,83.716,83.973,84.227,84.485,84.8,85.035,85.391,85.685,85.758,85.882,86.196,86.781,87.109,87.38,87.713,87.843,88.069,88.461,88.793,89.222,89.537,89.979,90.359,90.907,91.33,91.626,91.933,92.176,92.833,93.297,93.852,94.527,95.236,95.905,96.303,96.589,96.907,97.286,97.66,97.899,98.329,98.696,99.033,99.287,99.573,99.76,99.833,99.847,99.671,99.684,99.674,99.684,99.665,99.612,99.587,99.579,99.612,99.665,99.765,99.889,100.0,100.12,100.282,100.403,100.558,100.675,100.827,100.955,101.028,101.193,101.353,101.498,101.646,101.723,101.845,101.98,102.124,102.284,102.434,102.6,102.802,102.964
부산광역시,연제구,71.101,71.198,71.238,71.241,71.464,71.627,71.743,71.962,72.241,72.467,72.59,72.751,72.813,72.943,72.975,73.121,73.318,73.66,73.848,74.207,74.458,74.682,74.984,75.368,75.566,76.034,76.185,76.522,76.742,77.113,77.543,78.159,78.687,79.123,79.544,79.969,80.476,81.009,81.409,81.869,82.204,82.605,83.309,83.561,84.041,84.468,84.786,84.929,85.357,85.64,85.982,86.176,86.45,86.747,87.014,87.161,87.53,87.737,88.111,88.377,88.798,89.298,89.654,89.908,90.132,90.336,90.542,90.862,91.299,91.585,91.94,92.281,92.832,93.298,93.59,93.959,94.209,94.485,94.895,95.326,95.662,96.043,96.402,96.797,97.183,97.549,97.847,98.12,98.447,98.792,99.073,99.34,99.578,99.821,100.032,100.112,100.06,99.97,99.887,99.822,99.75,99.687,99.678,99.734,99.692,99.703,99.76,99.834,99.921,100.0,99.992,100.02,100.096,100.203,100.42,100.596,100.724,100.973,101.265,101.312,101.538,101.599,101.699,101.736,101.813,102.011,102.154,102.394,102.523,102.766,102.828
부산광역시,중구,78.294,78.442,78.585,78.738,78.919,79.176,79.322,79.478,79.759,80.056,80.257,80.42,80.588,80.722,80.873,81.108,81.357,81.685,81.853,82.19,82.383,82.516,82.949,83.193,83.644,83.846,84.132,84.39,84.653,84.972,85.293,85.69,85.934,86.354,86.638,87.08,87.334,87.766,88.072,88.513,88.839,89.072,89.535,90.024,90.434,90.652,90.954,91.191,91.734,91.99,92.332,92.653,92.952,93.175,93.515,93.85,94.217,94.369,94.563,94.828,95.041,95.358,95.583,95.784,95.926,96.007,96.135,96.288,96.425,96.516,96.639,96.736,96.871,96.965,97.054,97.09,97.141,97.185,97.281,97.403,97.678,97.977,98.227,98.473,98.791,98.957,99.12,99.29,99.44,99.585,99.727,99.853,99.986,100.12,100.187,100.233,100.199,100.164,100.133,100.128,100.11,100.086,100.053,100.025,100.006,99.989,99.991,99.994,99.992,100.0,100.001,100.016,100.03,100.047,100.072,100.104,100.173,100.332,100.352,100.333,100.395,100.479,100.554,100.617,100.675,100.747,100.825,100.894,100.961,101.028,101.026
부산광역시,해운대구,64.572,64.685,64.914,65.055,65.287,65.514,65.722,65.99,66.052,66.227,66.347,66.418,66.569,67.047,67.266,67.715,68.133,68.562,68.962,69.311,69.645,69.827,70.366,70.789,71.211,71.535,71.969,72.365,72.85,73.201,73.782,74.317,74.992,75.45,75.923,76.394,76.834,77.237,77.513,77.893,78.507,78.903,79.303,79.764,80.416,80.911,81.369,81.854,82.264,82.667,83.14,83.586,83.8,84.174,84.476,84.779,85.186,85.572,85.851,86.206,86.744,87.143,87.582,87.836,88.089,88.283,88.656,89.029,89.678,90.028,90.425,90.711,91.369,92.094,92.56,92.958,93.34,93.708,94.111,94.495,94.941,95.369,95.74,96.157,96.642,96.958,97.37,97.732,98.129,98.516,98.971,99.436,99.824,100.113,100.296,100.385,100.302,100.226,100.193,100.094,100.002,99.911,99.858,99.828,99.802,99.746,99.772,99.83,99.906,100.0,100.042,100.035,100.131,100.131,100.196,100.251,100.283,100.376,100.434,100.622,100.797,100.9,101.035,101.158,101.249,101.326,101.375,101.457,101.552,101.626,101.68
서울특별시,강남구,67.882,68.141,68.217,68.429,68.536,68.739,68.923,69.167,69.217,69.336,69.538,69.74,69.889,70.405,70.555,70.621,70.787,70.98,71.17,71.375,71.591,71.726,71.834,71.992,72.185,72.407,72.572,72.807,73.027,73.311,73.832,74.115,74.494,74.793,75.057,75.246,75.524,75.851,76.114,76.52,76.842,76.983,77.143,77.361,77.937,78.449,78.836,79.275,79.828,80.075,80.323,80.449,80.679,80.994,81.388,81.776,82.212,82.796,83.257,83.686,84.081,84.51,84.878,85.218,85.504,85.703,85.989,86.375,86.792,87.183,87.541,87.845,88.242,88.768,89.106,89.568,90.006,90.441,90.803,91.26,91.732,92.161,92.667,93.151,93.654,94.096,94.464,94.797,95.18,95.545,96.071,96.549,96.881,97.165,97.389,97.459,97.466,97.505,97.572,97.63,97.73,97.831,98.091,98.304,98.573,98.897,99.178,99.535,99.79,100.0,100.194,100.387,100.768,101.212,101.6,102.057,102.551,102.948,103.517,104.089,104.71,105.178,105.626,106.014,106.63,107.105,107.574,108.226,108.802,109.519,110.073
서울특별시,강동구,72.078,72.108,72.224,72.352,72.443,72.635,72.815,73.05,73.227,73.371,73.517,73.701,73.794,73.936,74.092,74.254,74.394,74.533,74.673,74.916,75.155,75.274,75.509,75.696,75.805,75.954,76.095,76.28,76.397,76.621,76.997,77.331,77.601,77.857,78.169,78.312,78.523,78.714,78.954,79.208,79.495,79.673,79.938,80.138,80.576,80.817,81.169,81.542,81.975,82.28,82.621,82.802,83.068,83.381,83.684,84.111,84.596,85.117,85.562,86.094,86.664,87.267,87.714,88.194,88.423,88.704,88.991,89.226,89.664,90.014,90.449,90.839,91.139,91.486,91.812,92.122,92.604,93.02,93.402,93.833,94.332,94.777,95.194,95.588,95.89,96.234,96.543,96.857,97.182,97.612,97.95,98.295,98.577,98.865,99.069,99.058,99.076,99.076,99.037,98.994,99.029,99.057,99.095,99.158,99.2,99.275,99.385,99.598,99.81,100.0,100.153,100.281,100.44,100.645,100.816,100.99,101.284,101.494,101.716,102.024,102.278,102.553,102.787,102.994,103.244,103.513,103.732,103.987,104.28,104.504,104.778
서울특별시,강북구,79.079,79.221,79.412,79.634,79.653,79.671,79.635,79.863,79.966,80.218,80.323,80.456,80.507,80.665,80.813,80.917,81.115,81.147,81.354,81.383,81.554,81.631,81.796,81.962,82.11,82.25,82.342,82.439,82.736,82.83,83.172,83.44,83.665,83.865,84.058,84.242,84.349,84.498,84.639,84.872,85.041,85.201,85.378,85.62,85.921,86.267,86.848,87.199,87.606,87.913,88.154,88.246,88.404,88.63,89.102,89.524,89.76,89.994,90.311,90.498,90.95,91.084,91.291,91.817,92.084,92.23,92.344,92.423,92.552,92.767,93.07,93.307,93.581,93.845,94.153,94.419,94.809,95.28,95.75,96.084,96.3,96.718,97.025,97.388,97.622,97.873,98.003,98.255,98.46,98.752,99.048,99.396,99.644,99.969,100.024,99.922,99.809,99.678,99.58,99.487,99.4,99.275,99.223,99.233,99.252,99.348,99.51,99.646,99.816,100.0,100.11,100.224,100.367,100.501,100.625,100.788,100.964,101.104,101.245,101.39,101.541,101.698,101.855,101.989,102.108,102.251,102.396,102.539,102.729,102.87,103.012
서울특별시,강서구,71.362,71.429,71.559,71.619,72.001,72.202,72.354,72.518,72.825,72.818,72.878,73.045,73.122,73.237,73.329,73.467,73.543,73.782,73.993,74.271,74.474,74.748,74.831,75.05,75.197,75.49,75.75,76.164,76.399,76.636,76.993,77.461,77.845,78.239,78.748,79.034,79.307,79.579,79.819,80.046,80.393,80.837,81.18,81.46,81.745,82.138,82.696,83.218,83.668,84.163,84.658,84.916,85.18,85.503,85.831,86.181,86.582,86.916,87.266,87.579,88.046,88.457,88.861,89.255,89.648,89.951,90.255,90.659,90.967,91.276,91.605,91.88,92.16,92.452,92.774,93.087,93.459,93.795,94.17,94.537,94.905,95.246,95.643,96.103,96.56,97.0,97.374,97.719,98.041,98.42,98.789,99.13,99.515,99.812,100.01,99.94,99.772,99.566,99.397,99.253,99.156,99.075,99.035,99.017,99.06,99.173,99.335,99.574,99.798,100.0,100.13,100.307,100.454,100.596,100.762,100.945,101.16,101.388,101.608,101.825,102.05,102.254,102.437,102.629,102.797,102.99,103.157,103.355,103.533,103.73,103.955
서울특별시,관악구,73.313,73.398,73.408,73.544,73.56,73.531,73.601,73.796,74.165,74.391,74.574,74.631,74.79,75.002,75.131,75.186,75.36,75.568,75.72,75.866,76.068,76.241,76.548,76.889,77.051,77.253,77.382,77.464,77.57,77.867,78.21,78.569,79.033,79.296,79.523,79.929,80.218,80.455,80.65,80.985,81.228,81.746,82.069,82.253,82.7,83.11,83.415,83.93,84.273,84.586,84.97,85.186,85.536,85.775,86.138,86.507,86.868,87.215,87.715,88.102,88.455,88.874,89.19,89.497,89.75,90.06,90.313,90.586,90.858,91.18,91.513,91.853,92.11,92.388,92.676,92.993,93.328,93.606,93.893,94.095,94.439,94.807,95.241,95.559,96.049,96.349,96.782,97.017,97.319,97.778,98.177,98.631,99.006,99.41,99.598,99.555,99.475,99.375,99.193,99.099,99.034,98.99,98.967,99.0,99.044,99.15,99.291,99.54,99.777,100.0,100.096,100.233,100.384,100.558,100.76,100.896,101.017,101.156,101.282,101.403,101.557,101.706,101.816,101.998,102.098,102.24,102.337,102.479,102.598,102.688,102.827
서울특별시,광진구,73.205,73.316,73.405,73.59,73.771,73.843,73.976,74.232,74.421,74.518,74.723,74.88,74.966,75.107,75.257,75.455,75.559,75.754,75.986,76.238,76.426,76.558,76.791,76.976,77.131,77.232,77.32,77.562,77.789,78.061,78.577,78.947,79.236,79.496,79.745,79.916,80.186,80.484,80.801,81.136,81.398,81.621,81.861,82.214,82.566,82.97,83.451,83.971,84.321,84.805,85.251,85.566,85.817,86.14,86.606,86.861,87.249,87.494,87.946,88.472,88.849,89.2,89.475,89.775,90.01,90.25,90.54,90.771,91.053,91.327,91.654,91.93,92.253,92.518,92.875,93.223,93.563,93.954,94.335,94.716,95.125,95.506,95.862,96.189,96.546,96.882,97.183,97.444,97.732,98.092,98.461,98.803,99.146,99.454,99.613,99.547,99.465,99.354,99.283,99.221,99.16,99.133,99.13,99.152,99.224,99.283,99.419,99.632,99.853,100.0,100.127,100.29,100.411,100.575,100.726,100.903,101.06,101.277,101.55,101.793,102.049,102.293,102.49,102.701,102.922,103.175,103.436,103.702,103.99,104.24,104.5
서울특별시,구로구,75.928,75.996,76.038,76.138,76.283,76.542,76.776,76.887,76.935,77.065,77.263,77.371,77.427,77.763,77.848,78.155,78.382,78.46,78.639,78.736,79.087,79.275,79.651,80.088,80.209,80.394,80.6,80.87,81.01,81.383,81.642,81.827,82.029,82.35,82.493,82.679,82.96,83.237,83.539,83.677,84.009,84.259,84.411,84.597,84.883,85.224,85.669,86.071,86.657,86.97,87.437,87.65,87.896,88.155,88.336,88.505,88.725,89.259,89.49,89.928,90.117,90.376,90.724,91.115,91.466,91.705,92.007,92.324,92.595,92.95,93.26,93.492,93.769,94.096,94.348,94.684,95.007,95.256,95.524,95.874,96.185,96.461,96.774,97.124,97.433,97.703,97.987,98.249,98.568,98.915,99.255,99.596,99.929,100.241,100.384,100.267,100.055,99.812,99.661,99.55,99.405,99.289,99.252,99.207,99.226,99.315,99.542,99.734,99.879,100.0,100.067,100.193,100.308,100.415,100.518,100.629,100.741,100.854,101.036,101.126,101.196,101.248,101.36,101.467,101.591,101.703,101.829,101.992,102.166,102.327,102.483
서울특별시,금천구,75.774,75.901,75.901,76.067,76.346,76.58,76.862,76.931,77.169,77.647,77.727,77.727,78.021,78.147,78.234,78.279,78.279,78.442,78.507,78.551,78.8,79.03,79.03,79.341,79.425,79.561,79.628,79.673,79.809,80.019,80.373,80.489,80.825,80.884,80.976,81.275,81.535,81.983,81.983,82.22,82.325,82.325,82.497,82.984,83.338,83.686,84.203,84.533,84.794,85.047,85.283,85.222,86.008,86.297,86.494,86.879,87.105,87.414,87.678,87.944,88.716,88.988,89.298,89.58,89.848,90.046,90.314,90.734,91.041,91.474,91.87,92.238,92.582,92.819,93.166,93.601,93.994,94.242,94.569,94.882,95.017,95.384,95.717,96.042,96.375,96.721,97.083,97.423,97.803,98.143,98.424,98.753,99.165,99.353,99.674,99.673,99.595,99.448,99.314,99.253,99.118,99.023,98.893,98.857,98.884,99.005,99.278,99.503,99.727,100.0,100.113,100.259,100.432,100.636,100.791,100.865,100.993,101.145,101.267,101.363,101.474,101.549,101.665,101.786,101.915,102.08,102.19,102.385,102.528,102.708,102.879
서울특별시,노원구,75.177,75.262,75.35,75.478,75.665,75.953,76.229,76.375,76.439,76.603,76.693,76.86,76.992,77.133,77.305,77.45,77.624,77.693,77.81,78.013,78.241,78.479,78.764,78.981,79.093,79.328,79.468,79.535,79.86,80.153,80.512,80.876,81.246,81.459,81.706,81.891,82.225,82.469,82.611,82.844,83.024,83.344,83.459,83.702,83.92,84.265,84.613,85.002,85.403,85.831,86.141,86.415,86.636,86.852,87.179,87.397,88.023,88.335,88.686,88.989,89.332,89.765,90.1,90.421,90.696,90.882,91.031,91.351,91.731,92.148,92.522,92.898,93.305,93.646,93.949,94.304,94.626,95.084,95.493,95.832,96.203,96.54,96.938,97.231,97.544,97.79,97.99,98.191,98.387,98.61,98.898,99.073,99.294,99.55,99.629,99.628,99.556,99.466,99.47,99.474,99.382,99.258,99.196,99.174,99.151,99.211,99.419,99.629,99.802,100.0,100.119,100.255,100.349,100.505,100.637,100.794,100.949,101.116,101.301,101.486,101.623,101.807,101.924,102.076,102.223,102.382,102.527,102.659,102.83,102.995,103.145
서울특별시,도봉구,79.199,79.3,79.47,79.493,79.658,79.68,79.906,79.919,80.003,80.018,80.021,80.22,80.469,80.633,80.738,80.837,80.88,80.988,81.223,81.308,81.384,81.54,81.856,81.951,82.107,82.205,82.329,82.499,82.756,82.983,83.398,83.649,84.073,84.355,84.578,84.791,84.868,85.084,85.255,85.276,85.592,85.89,86.032,86.307,86.51,86.829,87.291,87.817,88.224,88.558,88.837,88.986,89.139,89.48,89.992,90.167,90.484,90.76,91.016,91.335,91.675,91.924,92.119,92.205,92.39,92.487,92.745,92.938,93.206,93.496,93.702,93.951,94.217,94.568,94.864,95.141,95.479,95.822,96.191,96.49,96.896,97.167,97.434,97.712,98.014,98.282,98.52,98.695,98.93,99.205,99.403,99.602,99.8,100.032,100.115,100.028,99.903,99.83,99.727,99.645,99.544,99.463,99.349,99.34,99.357,99.416,99.503,99.677,99.848,100.0,100.098,100.22,100.296,100.408,100.452,100.589,100.736,100.879,101.013,101.13,101.239,101.391,101.509,101.615,101.725,101.897,102.041,102.135,102.265,102.385,102.538
서울특별시,동대문구,72.915,72.955,72.978,73.05,73.172,73.258,73.4,73.497,73.651,73.755,73.937,74.117,74.235,74.417,74.561,74.626,74.773,74.881,75.021,75.229,75.463,75.641,75.816,75.957,76.168,76.335,76.46,76.577,76.837,77.026,77.365,77.61,77.918,78.242,78.434,78.596,78.812,79.017,79.181,79.382,79.637,79.88,80.254,80.551,80.994,81.483,82.001,82.543,83.019,83.5,83.798,84.073,84.463,84.826,85.225,85.527,85.972,86.385,86.766,87.244,87.665,88.091,88.499,88.846,89.182,89.402,89.661,89.929,90.308,90.577,90.893,91.165,91.507,91.834,92.199,92.606,92.994,93.382,93.8,94.234,94.663,95.025,95.405,95.812,96.267,96.717,97.1,97.371,97.687,98.108,98.528,98.976,99.357,99.674,99.832,99.716,99.475,99.288,99.092,98.936,98.835,98.737,98.719,98.727,98.798,98.95,99.195,99.518,99.769,100.0,100.168,100.31,100.505,100.734,100.961,101.248,101.584,101.894,102.149,102.416,102.66,102.906,103.122,103.36,103.59,103.873,104.15,104.422,104.696,104.95,105.229
서울특별시,동작구,73.016,73.149,73.246,73.298,73.404,73.442,73.522,73.611,73.787,74.012,74.242,74.396,74.438,74.63,74.782,74.857,74.97,75.051,75.137,75.273,75.407,75.627,75.822,75.946,76.052,76.23,76.296,76.423,76.696,76.857,77.174,77.609,77.935,78.173,78.278,78.373,78.584,78.846,79.308,79.614,80.171,80.579,81.28,81.676,82.01,82.464,82.892,83.235,83.629,83.871,84.349,84.64,84.798,85.101,85.246,85.494,85.849,86.308,86.585,86.942,87.276,87.642,88.079,88.544,88.836,89.126,89.476,89.822,90.227,90.52,90.879,91.226,91.54,91.873,92.313,92.722,93.18,93.673,94.169,94.676,95.11,95.509,95.706,95.93,96.137,96.324,96.622,96.856,97.149,97.44,97.75,98.068,98.381,98.706,98.941,98.922,98.858,98.798,98.742,98.725,98.724,98.762,98.982,99.109,99.225,99.325,99.44,99.642,99.825,100.0,100.122,100.261,100.457,100.69,100.919,101.17,101.445,101.693,101.918,102.096,102.263,102.425,102.602,102.774,102.987,103.256,103.466,103.709,103.955,104.225,104.496
서울특별시,마포구,67.617,67.772,67.86,67.988,68.292,68.514,68.592,68.843,69.09,69.303,69.537,69.769,69.951,70.307,70.495,70.63,70.807,70.982,71.262,71.44,71.683,71.915,72.112,72.324,72.545,72.823,72.978,73.299,73.683,74.018,74.336,74.742,75.139,75.458,75.751,75.982,76.257,76.551,77.085,77.598,78.095,78.454,78.911,79.452,79.99,80.531,81.133,81.707,82.195,82.729,83.038,83.281,83.526,83.799,84.196,84.612,85.056,85.422,85.807,86.162,86.661,87.088,87.665,88.085,88.427,88.741,89.081,89.397,89.715,90.052,90.335,90.658,91.03,91.335,91.639,91.962,92.339,92.712,93.157,93.565,94.002,94.415,94.868,95.302,95.745,96.189,96.533,96.842,97.187,97.553,97.949,98.343,98.77,99.152,99.265,99.289,99.252,99.175,99.102,99.069,99.045,99.026,99.016,99.038,99.089,99.191,99.416,99.617,99.819,100.0,100.156,100.287,100.498,100.719,100.974,101.183,101.481,101.699,102.01,102.286,102.585,102.845,103.035,103.282,103.506,103.844,104.143,104.493,104.764,105.243,105.847
서울특별시,서대문구,73.432,73.553,73.615,73.661,73.733,74.076,74.181,74.365,74.595,74.674,74.936,75.249,75.368,75.817,75.93,75.914,76.051,76.157,76.373,76.66,76.887,77.095,77.387,77.496,77.707,77.845,77.967,78.091,78.216,78.328,78.62,78.929,79.298,79.576,79.82,80.047,80.253,80.502,80.832,81.186,81.5,81.729,82.134,82.56,82.91,83.371,84.027,84.644,84.878,85.12,85.325,85.599,85.822,85.995,86.289,86.572,87.021,87.473,87.931,88.308,88.616,89.074,89.405,89.741,89.918,90.217,90.459,90.83,91.103,91.489,91.852,92.285,92.706,93.084,93.548,93.916,94.283,94.682,95.084,95.523,95.841,96.242,96.575,96.985,97.365,97.658,97.937,98.268,98.607,98.943,99.243,99.61,99.922,100.26,100.349,100.295,99.921,99.703,99.402,99.277,99.172,99.087,99.039,99.049,99.071,99.199,99.476,99.685,99.851,100.0,100.146,100.263,100.468,100.636,100.846,101.079,101.353,101.663,101.966,102.229,102.441,102.607,102.832,103.019,103.139,103.297,103.459,103.671,103.869,104.12,104.359
서울특별시,서초구,68.994,69.121,69.241,69.392,69.644,69.784,70.02,70.151,70.258,70.43,70.534,70.692,70.825,71.011,71.197,71.31,71.418,71.695,71.913,72.08,72.217,72.405,72.592,72.794,72.953,73.06,73.183,73.197,73.509,73.771,74.158,74.527,74.796,75.109,75.337,75.544,75.955,76.248,76.511,76.905,77.228,77.4,77.69,78.019,78.63,79.031,79.58,80.143,80.634,81.021,81.291,81.449,81.669,81.944,82.199,82.598,83.129,83.596,84.0,84.402,84.613,85.04,85.478,85.858,86.171,86.455,86.733,87.019,87.354,87.752,88.105,88.468,88.977,89.443,89.919,90.335,90.778,91.219,91.612,92.061,92.51,92.949,93.377,93.845,94.3,94.772,95.233,95.649,96.092,96.509,96.929,97.391,97.797,98.212,98.506,98.608,98.639,98.672,98.69,98.702,98.711,98.732,98.777,98.841,98.912,99.078,99.274,99.532,99.799,100.0,100.166,100.322,100.612,100.935,101.248,101.574,101.939,102.253,102.623,103.054,103.433,103.846,104.234,104.611,104.987,105.344,105.739,106.15,106.594,107.038,107.487
서울특별시,성동구,73.094,73.301,73.391,73.425,73.526,73.644,73.737,73.801,74.001,74.118,74.283,74.45,74.654,74.814,74.882,74.998,75.146,75.246,75.448,75.594,75.786,75.932,76.101,76.306,76.455,76.583,76.696,76.907,77.067,77.328,77.649,78.015,78.338,78.646,78.863,79.038,79.261,79.495,79.72,79.958,80.322,80.532,80.932,81.305,81.673,82.218,82.725,83.208,83.949,84.256,84.578,84.934,85.215,85.553,86.05,86.217,86.497,86.802,87.051,87.281,87.524,87.774,88.004,88.378,88.573,88.735,88.953,89.279,89.625,89.986,90.312,90.579,90.883,91.194,91.515,91.831,92.148,92.49,92.85,93.237,93.611,94.002,94.403,94.776,95.245,95.714,96.129,96.47,96.825,97.207,97.539,97.909,98.293,98.667,98.99,99.053,99.062,99.068,99.065,99.062,99.098,99.126,99.183,99.236,99.297,99.354,99.491,99.67,99.841,100.0,100.122,100.249,100.395,100.542,100.718,100.89,101.088,101.295,101.511,101.722,101.963,102.182,102.389,102.605,102.871,103.15,103.447,103.708,103.996,104.306,104.666
서울특별시,성북구,75.92,76.022,76.115,76.217,76.302,76.426,76.526,76.626,76.803,76.927,77.106,77.237,77.445,77.584,77.673,77.733,77.888,78.083,78.312,78.485,78.625,78.751,78.904,79.015,79.048,79.089,79.272,79.465,79.651,79.866,80.098,80.395,80.565,80.784,81.095,81.187,81.492,81.568,81.794,82.14,82.364,82.464,82.79,83.01,83.645,84.024,84.611,85.105,85.589,85.846,86.118,86.297,86.542,86.78,87.129,87.416,87.704,87.949,88.296,88.637,89.115,89.66,90.015,90.316,90.542,90.749,90.943,91.218,91.646,91.957,92.321,92.704,93.078,93.503,93.861,94.283,94.663,95.071,95.429,95.774,96.142,96.522,96.909,97.293,97.65,98.0,98.277,98.575,98.866,99.179,99.518,99.865,100.227,100.533,100.577,100.499,100.157,99.901,99.655,99.449,99.357,99.262,99.202,99.199,99.229,99.338,99.447,99.654,99.838,100.0,100.128,100.286,100.446,100.631,100.799,100.986,101.164,101.397,101.608,101.785,101.965,102.146,102.313,102.478,102.641,102.822,102.982,103.173,103.371,103.552,103.804
서울특별시,송파구,69.353,69.459,69.585,69.731,69.888,70.076,70.291,70.446,70.655,70.852,71.022,71.18,71.371,71.608,71.708,71.868,72.009,72.19,72.424,72.621,72.812,73.062,73.217,73.413,73.539,73.791,73.947,74.158,74.325,74.516,74.934,75.325,75.696,76.05,76.272,76.558,76.929,77.176,77.464,77.739,78.057,78.309,78.472,78.771,79.234,79.823,80.371,80.915,81.482,81.778,82.079,82.193,82.368,82.532,83.052,83.463,83.866,84.358,84.746,85.191,85.628,85.997,86.596,87.112,87.412,87.642,87.983,88.348,88.718,89.104,89.598,89.921,90.332,90.817,91.157,91.588,92.022,92.437,92.867,93.328,93.772,94.151,94.59,95.045,95.466,95.878,96.361,96.771,97.19,97.626,98.002,98.491,98.85,99.263,99.371,99.294,99.278,99.241,99.208,99.175,99.2,99.24,99.286,99.332,99.382,99.456,99.555,99.69,99.816,100.0,100.126,100.236,100.346,100.496,100.673,100.84,100.992,101.194,101.445,101.722,101.964,102.201,102.408,102.611,102.843,103.073,103.33,103.579,103.874,104.232,104.613
서울특별시,양천구,71.196,71.424,71.695,71.973,72.262,72.341,72.471,72.559,72.648,72.869,72.991,73.165,73.259,73.38,73.48,73.654,73.741,73.91,74.077,74.326,74.577,74.752,74.928,75.067,75.178,75.275,75.443,75.555,75.675,75.961,76.358,76.852,77.265,77.772,77.947,78.141,78.458,78.763,79.082,79.28,79.739,80.134,80.54,80.885,81.35,81.752,82.244,82.648,82.922,83.282,83.58,83.976,84.253,84.619,84.925,85.216,85.81,86.183,86.604,87.047,87.409,87.894,88.19,88.525,88.89,89.281,89.647,89.965,90.474,90.764,91.076,91.442,91.762,92.116,92.416,92.799,93.158,93.597,93.946,94.338,94.706,95.083,95.434,95.765,96.165,96.529,96.853,97.174,97.504,97.858,98.237,98.596,98.944,99.26,99.49,99.475,99.385,99.147,98.958,98.881,98.816,98.752,98.78,98.797,98.87,99.0,99.185,99.452,99.758,100.0,100.161,100.373,100.547,100.751,101.002,101.283,101.637,101.822,101.977,102.342,102.579,102.822,103.054,103.179,103.423,103.677,103.922,104.262,104.543,104.888,105.217
서울특별시,영등포구,72.947,73.051,73.171,73.255,73.38,73.548,73.76,73.879,73.952,74.059,74.212,74.303,74.455,74.53,74.58,74.682,74.756,74.873,74.999,75.146,75.282,75.431,75.654,75.794,76.029,76.156,76.298,76.519,76.799,77.03,77.342,77.677,78.019,78.243,78.454,78.6,78.798,78.97,79.159,79.363,79.705,79.951,80.126,80.535,80.924,81.483,81.804,82.303,82.839,83.436,83.84,84.337,84.666,84.979,85.295,85.69,85.939,86.246,86.582,86.951,87.317,87.794,88.152,88.612,88.976,89.31,89.591,89.921,90.308,90.577,90.884,91.114,91.404,91.721,92.06,92.388,92.704,93.046,93.404,93.776,94.124,94.515,94.994,95.476,95.887,96.343,96.735,97.108,97.493,97.838,98.237,98.624,98.951,99.32,99.538,99.514,99.491,99.435,99.347,99.255,99.217,99.174,99.143,99.145,99.201,99.326,99.496,99.674,99.836,100.0,100.159,100.316,100.468,100.621,100.811,101.039,101.252,101.438,101.632,101.842,102.055,102.226,102.421,102.599,102.816,102.997,103.234,103.427,103.667,103.934,104.217
서울특별시,용산구,70.884,70.994,71.035,71.072,71.14,71.262,71.347,71.395,71.451,71.534,71.58,71.721,71.773,71.87,72.056,72.189,72.294,72.428,72.487,72.698,72.909,73.107,73.294,73.523,73.801,74.002,74.168,74.372,74.598,74.857,75.234,75.819,76.297,76.677,77.005,77.142,77.349,77.644,78.328,78.883,79.179,79.472,79.697,80.058,80.991,81.553,82.027,82.5,82.976,83.328,83.556,83.914,84.255,84.52,84.891,85.361,85.785,86.111,86.457,86.886,87.33,87.701,88.051,88.402,88.668,88.935,89.218,89.525,89.855,90.138,90.444,90.712,91.004,91.399,91.687,92.086,92.418,92.845,93.244,93.598,93.998,94.391,94.833,95.247,95.61,96.002,96.337,96.613,96.876,97.247,97.621,98.087,98.571,98.971,99.188,99.142,99.017,98.853,98.75,98.764,98.782,98.835,98.914,98.986,99.042,99.207,99.358,99.545,99.782,100.0,100.154,100.399,100.599,100.805,101.062,101.292,101.546,101.872,102.201,102.521,102.844,103.117,103.38,103.642,104.009,104.406,104.701,105.186,105.654,106.342,107.072
서울특별시,은평구,74.652,74.702,74.827,74.955,75.16,75.324,75.471,75.632,75.742,75.876,76.033,76.234,76.356,76.518,76.584,76.749,76.898,77.067,77.138,77.324,77.464,77.661,77.793,77.979,78.12,78.234,78.304,78.42,78.594,78.806,79.14,79.377,79.66,79.936,80.126,80.335,80.439,80.637,80.888,81.202,81.568,81.762,82.008,82.312,82.689,83.079,83.747,84.259,84.697,84.984,85.19,85.363,85.65,85.972,86.304,86.64,87.064,87.431,87.755,88.137,88.498,88.906,89.263,89.65,89.87,90.085,90.369,90.688,91.059,91.402,91.75,92.102,92.448,92.792,93.171,93.585,93.963,94.317,94.647,95.02,95.39,95.811,96.183,96.622,96.984,97.319,97.62,97.982,98.291,98.612,98.971,99.317,99.668,99.968,100.05,100.024,99.706,99.495,99.345,99.244,99.214,99.168,99.142,99.166,99.202,99.348,99.56,99.724,99.873,100.0,100.14,100.285,100.469,100.662,100.847,101.048,101.286,101.52,101.734,101.958,102.17,102.349,102.511,102.652,102.829,103.02,103.19,103.437,103.631,103.813,104.082
서울특별시,종로구,74.315,74.389,74.441,74.479,74.583,74.707,74.805,74.936,75.062,75.176,75.274,75.38,75.545,75.72,75.826,75.902,76.073,76.164,76.286,76.4,76.557,76.724,76.876,77.034,77.148,77.259,77.313,77.431,77.597,77.794,78.072,78.34,78.623,78.817,79.052,79.218,79.388,79.629,80.024,80.319,80.553,80.765,81.133,81.504,81.903,82.356,82.844,83.297,83.752,84.095,84.417,84.621,84.886,85.161,85.532,85.896,86.24,86.633,86.994,87.386,87.716,88.017,88.352,88.625,88.876,89.063,89.306,89.596,89.924,90.271,90.625,90.979,91.327,91.719,92.049,92.398,92.773,93.156,93.516,93.892,94.308,94.702,95.122,95.469,95.881,96.258,96.584,96.926,97.279,97.677,98.125,98.573,99.042,99.398,99.606,99.58,99.408,99.188,99.044,98.925,98.834,98.819,98.874,98.902,98.95,99.05,99.271,99.551,99.792,100.0,100.154,100.323,100.52,100.777,101.045,101.321,101.604,101.864,102.14,102.366,102.57,102.754,102.939,103.117,103.361,103.622,103.88,104.126,104.395,104.606,104.936
서울특별시,중구,75.079,75.197,75.278,75.355,75.478,75.58,75.678,75.772,75.847,75.959,76.082,76.212,76.344,76.471,76.586,76.72,76.822,76.925,77.057,77.189,77.356,77.501,77.658,77.797,77.917,78.053,78.184,78.275,78.444,78.616,78.856,79.138,79.54,79.777,79.991,80.109,80.267,80.47,80.82,81.165,81.544,81.824,82.13,82.317,82.622,82.923,83.404,83.875,84.307,84.601,84.878,85.101,85.351,85.625,85.919,86.194,86.57,86.945,87.343,87.69,88.032,88.425,88.725,89.068,89.346,89.573,89.825,90.11,90.526,90.887,91.307,91.667,92.022,92.418,92.787,93.15,93.519,93.902,94.297,94.712,95.138,95.55,95.913,96.297,96.655,96.99,97.271,97.51,97.784,98.098,98.467,98.858,99.215,99.49,99.724,99.692,99.546,99.378,99.273,99.183,99.143,99.09,99.101,99.143,99.192,99.293,99.433,99.641,99.832,100.0,100.137,100.274,100.447,100.637,100.811,100.982,101.181,101.405,101.627,101.865,102.078,102.293,102.507,102.731,102.947,103.151,103.383,103.622,103.857,104.085,104.375
서울특별시,중랑구,75.787,75.891,76.007,76.075,76.235,76.427,76.716,76.854,77.061,77.259,77.491,77.651,77.858,77.977,78.094,78.226,78.427,78.571,78.737,78.992,79.312,79.464,79.721,79.941,80.078,80.186,80.294,80.442,80.604,80.853,81.209,81.467,81.775,82.096,82.377,82.589,82.783,82.979,83.25,83.435,83.742,83.958,84.212,84.468,84.85,85.152,85.551,86.017,86.381,86.789,87.057,87.251,87.549,87.863,88.154,88.408,88.649,88.91,89.175,89.531,89.782,90.104,90.441,90.741,90.979,91.277,91.514,91.767,92.0,92.238,92.556,92.833,93.178,93.408,93.755,94.07,94.41,94.741,95.093,95.459,95.807,96.174,96.522,96.778,97.103,97.435,97.689,97.938,98.22,98.512,98.822,99.145,99.45,99.737,99.854,99.786,99.676,99.578,99.439,99.31,99.176,99.084,99.057,99.073,99.121,99.218,99.402,99.616,99.819,100.0,100.124,100.237,100.364,100.481,100.656,100.845,101.037,101.237,101.45,101.669,101.873,102.08,102.277,102.458,102.647,102.841,103.019,103.229,103.428,103.629,103.818
인천광역시,계양구,75.081,75.327,75.502,75.937,76.1,76.164,76.344,76.393,76.785,77.181,77.357,77.656,77.746,77.752,77.903,78.15,78.074,78.309,78.276,78.264,78.568,78.843,79.223,79.323,79.394,79.429,79.501,79.554,79.75,79.845,80.289,80.521,80.797,81.03,81.197,81.422,81.676,81.798,81.866,82.059,82.201,82.384,82.596,82.85,82.956,83.233,83.544,83.879,84.189,84.493,84.855,85.241,85.597,85.962,86.236,86.682,87.034,87.355,87.692,88.09,88.392,88.761,89.248,89.697,90.021,90.406,90.77,91.107,91.557,91.991,92.25,92.58,92.888,93.236,93.605,93.792,94.183,94.702,95.142,95.404,95.708,96.061,96.342,96.85,97.216,97.574,97.845,98.007,98.211,98.512,98.916,99.045,99.324,99.582,99.705,99.749,99.527,99.493,99.471,99.45,99.448,99.46,99.487,99.54,99.62,99.709,99.729,99.801,99.856,100.0,100.108,100.132,100.224,100.348,100.404,100.515,100.602,100.651,100.745,100.877,100.981,101.03,101.093,101.14,101.185,101.264,101.329,101.401,101.449,101.562,101.63
인천광역시,남동구,75.114,75.285,75.281,75.138,75.082,75.013,74.851,74.894,75.221,75.408,75.366,75.323,75.479,75.525,75.477,75.32,75.07,75.308,75.39,75.526,76.36,76.513,76.649,76.995,77.065,77.257,77.408,77.702,78.031,78.415,78.635,78.86,79.132,79.525,79.767,79.99,80.136,80.304,80.375,80.434,80.694,81.093,81.285,81.536,81.728,82.193,82.573,82.979,83.352,83.708,83.977,84.328,84.692,85.044,85.341,85.569,85.94,86.297,86.783,87.206,87.481,87.854,88.291,88.712,89.021,89.32,89.616,89.919,90.275,90.653,91.028,91.371,91.653,92.054,92.581,92.902,93.583,94.114,94.571,94.897,95.167,95.503,95.891,96.196,96.512,96.864,97.233,97.523,97.805,98.125,98.424,98.695,98.946,99.215,99.439,99.46,99.328,99.273,99.218,99.181,99.208,99.261,99.355,99.458,99.541,99.63,99.719,99.822,99.897,100.0,100.093,100.173,100.319,100.442,100.582,100.7,100.844,100.948,101.065,101.158,101.24,101.342,101.408,101.452,101.52,101.618,101.698,101.764,101.796,101.827,101.882
인천광역시,동구,,,,,,,,,,,,,,,,,,,,,,,,,,,,,,,,,,,,,,,,,,,,,,,,,,,,,,,,,,,,,,,,,,,,,,,,,,,,,,,,,,,,,,,,,,,,,,,,99.874,99.806,99.697,99.617,99.573,99.571,99.587,99.64,99.632,99.673,99.741,99.793,99.879,99.926,100.0,100.087,100.144,100.191,100.237,100.298,100.347,100.392,100.455,100.473,100.537,100.635,100.736,100.806,100.782,100.818,100.808,100.813,100.807,100.838,100.854,100.897
인천광역시,미추홀구,,,,,,,,,,,,,,,,,,,,,,,,,,,,,,,,,,,,,,,,,,,,,84.432,84.739,85.131,85.492,86.126,86.506,86.768,87.098,87.379,87.648,87.972,88.153,88.454,88.57,88.913,89.256,89.616,89.941,90.286,90.665,90.921,91.182,91.38,91.63,91.923,92.186,92.457,92.718,92.924,93.157,93.335,93.657,93.923,94.309,94.536,94.791,95.053,95.432,95.914,96.325,96.77,97.21,97.481,97.829,98.135,98.429,98.726,99.012,99.257,99.514,99.693,99.632,99.5,99.354,99.227,99.195,99.21,99.274,99.372,99.49,99.595,99.681,99.759,99.838,99.922,100.0,100.09,100.195,100.301,100.446,100.566,100.678,100.804,100.945,101.046,101.148,101.273,101.374,101.524,101.563,101.62,101.68,101.732,101.78,101.838,101.929,101.997
인천광역시,부평구,77.807,77.941,77.881,77.89,78.102,78.21,78.288,78.523,78.459,78.526,78.705,78.769,78.821,78.856,79.047,79.119,79.293,79.259,79.273,79.466,79.501,79.519,79.615,79.627,79.711,79.751,79.851,80.234,80.405,80.721,80.913,81.251,81.558,81.946,82.105,82.223,82.482,82.712,82.919,82.934,83.126,83.332,83.522,83.689,83.893,84.275,84.658,85.003,85.209,85.467,85.739,86.011,86.292,86.519,86.912,87.164,87.438,87.65,87.949,88.269,88.734,89.105,89.53,89.769,89.969,90.275,90.536,90.963,91.187,91.458,91.728,91.989,92.346,92.613,92.891,93.155,93.436,93.879,94.253,94.613,94.961,95.324,95.656,95.98,96.287,96.593,96.92,97.23,97.607,97.98,98.338,98.648,98.941,99.24,99.462,99.476,99.335,99.334,99.285,99.248,99.26,99.294,99.337,99.377,99.446,99.509,99.64,99.739,99.84,100.0,100.123,100.225,100.302,100.423,100.538,100.627,100.775,100.916,101.018,101.133,101.26,101.355,101.42,101.477,101.536,101.616,101.672,101.742,101.799,101.901,101.971
인천광역시,서구,,,,,,,,,,,,,,,,,,,,,,,,,80.255,80.324,80.429,80.695,80.895,81.024,81.385,81.503,81.929,82.293,82.538,82.763,82.965,83.145,83.322,83.548,83.764,84.013,84.232,84.591,84.978,85.063,85.433,86.316,86.617,86.894,87.068,87.461,87.796,88.22,88.493,88.677,88.982,89.234,89.586,89.909,90.232,90.603,90.978,91.287,91.611,91.917,92.137,92.417,92.709,92.959,93.192,93.419,93.674,93.934,94.145,94.387,94.614,94.877,95.133,95.415,95.672,95.939,96.374,96.646,96.925,97.191,97.41,97.661,97.937,98.233,98.501,98.777,99.004,99.207,99.343,99.393,99.33,99.186,99.167,99.166,99.177,99.192,99.319,99.374,99.472,99.54,99.607,99.755,99.895,100.0,100.133,100.243,100.366,100.513,100.639,100.777,100.88,101.076,101.189,101.277,101.37,101.452,101.553,101.656,101.725,101.799,101.862,101.916,101.977,102.035,102.12
인천광역시,연수구,80.85,80.791,80.954,80.919,80.737,81.049,81.224,81.344,81.427,81.481,81.546,81.494,81.549,81.671,81.713,81.747,81.77,81.776,81.761,81.849,81.863,81.916,81.982,82.07,82.308,82.491,82.248,82.3,82.89,82.995,83.096,83.182,83.528,83.853,83.936,84.097,84.377,84.474,84.733,84.869,85.197,85.243,85.445,85.589,85.764,86.008,86.245,86.429,86.686,86.984,87.175,87.474,87.698,87.92,88.189,88.405,88.692,89.004,89.206,89.315,89.661,89.781,90.457,90.625,90.827,91.025,91.252,91.541,91.819,91.931,91.993,92.563,92.993,93.307,93.651,93.801,94.036,94.342,94.561,94.798,95.147,95.654,95.902,96.408,96.746,97.111,97.43,97.696,98.073,98.349,98.589,98.861,99.116,99.354,99.462,99.544,99.456,99.403,99.393,99.383,99.402,99.432,99.506,99.58,99.675,99.728,99.81,99.86,99.95,100.0,100.112,100.341,100.585,100.787,101.038,101.248,101.489,101.678,101.731,101.813,101.757,101.634,101.731,101.761,101.825,101.872,101.932,101.978,102.018,102.073,102.146
인천광역시,중구,84.836,84.349,84.428,84.317,84.126,84.091,83.931,84.034,84.119,84.382,84.882,84.908,85.036,85.06,85.201,85.22,85.184,85.336,85.499,85.715,85.617,86.195,86.53,86.796,86.822,86.563,86.564,86.969,87.272,87.479,87.789,87.91,87.811,87.844,87.985,88.498,88.892,89.127,89.223,89.431,89.656,89.877,89.978,90.193,90.414,90.618,90.736,90.902,91.06,91.317,91.401,91.513,91.639,91.844,91.95,92.065,92.395,92.605,92.693,92.707,92.84,93.033,93.46,93.747,93.807,93.925,94.057,94.254,94.312,94.402,94.601,94.788,95.035,95.28,95.448,95.625,95.86,96.04,96.219,96.461,96.853,97.146,97.372,97.54,97.762,98.252,98.477,98.617,98.969,99.194,99.435,99.706,99.95,100.146,100.258,100.247,99.999,99.845,99.764,99.721,99.632,99.592,99.674,99.708,99.751,99.794,99.829,99.887,99.945,100.0,100.049,100.111,100.174,100.229,100.313,100.374,100.44,100.508,100.585,100.65,100.704,100.759,100.801,100.829,100.85,100.868,100.877,100.895,100.96,101.049,101.122
충청남도,아산시,,,,,,,,,,,,,,,,,,,,,,,,,,,,,,,,,,,,,,,,,,,,,,,,,,,,,,,,,,,,,,,,,,,,,,,,,,,,,,,,,,,,,,,,,,,,,,,,99.0,99.028,99.006,98.969,99.057,99.107,99.199,99.311,99.445,99.53,99.759,99.81,99.794,99.881,100.0,100.104,100.19,100.206,100.293,100.367,100.545,100.606,100.761,100.996,101.203,101.354,101.511,101.68,101.788,101.904,102.008,102.178,102.265,102.448,102.557,102.67
충청남도,천안동남구,,,,,,,,,,,,,,,,,,,,,,,,,,,,,,,,,,,,,,,,,,,,,,,,,,,,,,,,,,,,,,,,,,,,,,,,,,,,,,,,,,,,,,,,,,,,,,,,98.719,98.662,98.585,98.598,98.678,98.736,98.839,99.024,99.171,99.245,99.458,99.574,99.657,99.776,100.0,100.157,100.36,100.546,100.626,100.707,100.932,101.089,101.296,101.35,101.396,101.403,101.549,101.633,101.654,101.728,101.797,101.844,101.884,101.873,101.937,101.931
충청남도,천안서북구,,,,,,,,,,,,,,,,,,,,,,,,,,,,,,,,,,,,,,,,,,,,,,,,,,,,,,,,,,,,,,,,,,,,,,,,,,,,,,,,,,,,,,,,,,,,,,,,98.908,98.972,98.813,98.809,98.837,98.783,98.881,99.007,99.119,99.263,99.437,99.514,99.683,99.789,100.0,100.145,100.287,100.437,100.588,100.722,101.003,101.091,101.331,101.517,101.674,101.794,101.913,102.039,102.094,102.213,102.32,102.426,102.548,102.655,102.9,103.075
